word,count
-1,1.0
-8,1.0
0,14.0
00,8.0
00년생,1.0
00씨,5.0
01029366474,1.0
03,1.0
0개,1.0
0개애인,1.0
0만큼,1.0
0점,1.0
1,189.0
1.5,2.0
1.5년,2.0
10,61.0
100,20.0
1000,3.0
1000칼로리정도,1.0
100개,1.0
100도,1.0
100만원대,2.0
100만큼,1.0
100배,2.0
100번,1.0
100일,2.0
100일정도,1.0
100일후,1.0
100점,1.0
100중,1.0
100퍼센트,1.0
100프로,1.0
10개,1.0
10년,9.0
10년사이,1.0
10년전,2.0
10년지기,2.0
10등안,1.0
10만원,2.0
10만원정도,1.0
10명,5.0
10배,1.0
10번,4.0
10분,6.0
10분단위,1.0
10살,3.0
10살정도,1.0
10선비라,1.0
10시,2.0
10시쯤,1.0
10일,2.0
10줄,1.0
10초,1.0
10초전,1.0
10키로,2.0
11,9.0
1104743827070,1.0
1104743827070신한,1.0
111,3.0
1111,2.0
111여,1.0
115,1.0
1152,1.0
1152억,1.0
118.235,2.0
11시,1.0
11시간동안,1.0
11시쯤,1.0
11월,1.0
11일자,1.0
12,14.0
12분남짓,1.0
12살,1.0
12시,3.0
12시간,1.0
12키로,1.0
12프맥,1.0
13,4.0
13프맥,1.0
14,1.0
14000,1.0
14000원정도,1.0
15,6.0
150,1.0
1500,2.0
1500만원,1.0
1500이상,1.0
1505,1.0
150만원,1.0
1557,1.0
1580,1.0
1580억,1.0
15개,1.0
15개월차,1.0
15기,1.0
15만원정도,1.0
15억,1.0
16,9.0
160,1.0
16245378,1.0
167,1.0
16가지,3.0
16개,1.0
16살,1.0
16시간,1.0
16퍼스널,1.0
17,2.0
170,1.0
173,1.0
173별,1.0
176,2.0
177,1.0
17세,1.0
18,3.0
180,4.0
180이상,1.0
182,2.0
183,1.0
185,2.0
185의,1.0
18도로,1.0
18시,1.0
19,2.0
190,1.0
1976,1.0
19년,1.0
1가지변수,1.0
1개,1.0
1글,1.0
1녀,1.0
1년,19.0
1년간,2.0
1년정도,1.0
1달,1.0
1달안,1.0
1달정,1.0
1대1,3.0
1등,1.0
1로,4.0
1만보,1.0
1면담,1.0
1명,3.0
1명2,1.0
1명바운,1.0
1명의,1.0
1박,1.0
1번,8.0
1번꼴,1.0
1보,1.0
1부,1.0
1분,1.0
1분내,1.0
1분뒤,1.0
1분만,1.0
1분안,1.0
1분후,1.0
1빠따,1.0
1순위,2.0
1시,3.0
1시간,8.0
1시간쯤,1.0
1실,1.0
1억,1.0
1위,2.0
1위인라,1.0
1은,1.0
1의,1.0
1인,1.0
1일,2.0
1자,1.0
1잔소리2,1.0
1절,1.0
1주일,2.0
1차,5.0
1차원,1.0
1차임,1.0
1차적인,1.0
1초안,1.0
1패턴,1.0
1학기,2.0
1학년,1.0
1회,2.0
2,140.0
20,38.0
200,4.0
2000,1.0
200문항,1.0
200번,1.0
200원,1.0
2023070801240241406,1.0
203040,3.0
203040남자,2.0
20개,1.0
20년,2.0
20년지기,1.0
20대,11.0
20대중반,1.0
20대초반,1.0
20대후반,3.0
20만원,1.0
20분,3.0
20분뒤,1.0
20살,2.0
20살에,1.0
20여년간,1.0
20초때,1.0
20키로,1.0
20회차,1.0
22,1.0
221473937235,1.0
23,6.0
230128,1.0
23살,4.0
24,8.0
24살,1.0
24시간,3.0
24시간동안,1.0
25,6.0
253728368,1.0
253728368호,1.0
25도,1.0
25살,3.0
26,8.0
26살,6.0
27,8.0
27살,6.0
28,3.0
28살,1.0
28세,1.0
29,1.0
2년,10.0
2년만,1.0
2년전쯤,1.0
2년차,1.0
2달,4.0
2달전,1.0
2명,3.0
2명정도,1.0
2배속,1.0
2백,1.0
2번,6.0
2번줄,1.0
2번째,1.0
2분,1.0
2살,1.0
2시간,8.0
2월,1.0
2인,1.0
2인석,1.0
2일,1.0
2장,1.0
2주,8.0
2주동안,1.0
2주만,1.0
2주전,1.0
2차,5.0
2차인,1.0
2학기,1.0
2회,1.0
3,143.0
30,34.0
300,4.0
3000,1.0
3000원,1.0
300원,1.0
300일,2.0
30대,7.0
30대초반,1.0
30만원,1.0
30명,3.0
30명중,1.0
30분,10.0
30분임저녁시간대,1.0
30살,5.0
30살이,1.0
30초,1.0
30평대,1.0
31,1.0
31살,1.0
32,2.0
320,1.0
320양배추샐러드,1.0
32살,1.0
32야남자친구,1.0
34,1.0
34살,1.0
350,1.0
350단백질셰이크160,1.0
3가지,1.0
3개,4.0
3개월,5.0
3개월동안,2.0
3개월전,1.0
3개월정도,1.0
3교대,1.0
3년,4.0
3년간,2.0
3년동안,2.0
3년만,2.0
3년정도,1.0
3년차,1.0
3단,2.0
3달,2.0
3대,1.0
3등정도,1.0
3명,1.0
3명이상,1.0
3번,8.0
3번안,1.0
3분,1.0
3세트,1.0
3시,2.0
3시간,5.0
3엔티제,1.0
3월,1.0
3일,4.0
3일동안,1.0
3일만,1.0
3일차임,1.0
3자,3.0
3조각,1.0
3주,4.0
3주동안,1.0
3주만,2.0
3줄,2.0
3차,2.0
3차기능,1.0
3차기능인,1.0
3천,3.0
3천부,1.0
3캔,1.0
3할,1.0
3회,2.0
4,68.0
40,8.0
400,1.0
400칼로리,1.0
4050,1.0
40개,1.0
40넘,1.0
40년,1.0
40대,2.0
40대쯤,1.0
40대초반,1.0
40분,1.0
40살,1.0
41,1.0
42,1.0
45,1.0
49,1.0
49로,1.0
4가지,1.0
4개,4.0
4개기프티,1.0
4개월,2.0
4개월동안,1.0
4년,3.0
4년만난,1.0
4달만,1.0
4달전,1.0
4명,2.0
4박,1.0
4번,5.0
4시간,3.0
4월,1.0
4유형중,1.0
4일,1.0
4일연속,1.0
4일제,1.0
4절,1.0
4차,2.0
4학년,1.0
5,79.0
50,13.0
50.1,1.0
500,1.0
500만원,1.0
5020848,1.0
50대,3.0
50대초라,1.0
50만원,1.0
50분,1.0
50분쯤,1.0
50분텀,1.0
50살,1.0
50일때,1.0
50일정도,1.0
50프로,1.0
51,1.0
53,1.0
55,1.0
55일,1.0
573,1.0
5800,1.0
5800여억원,1.0
5개,1.0
5개월,1.0
5급,1.0
5년,5.0
5년전,3.0
5년지기,1.0
5년차,1.0
5만원,1.0
5번,7.0
5번정도,1.0
5번째,1.0
5분,3.0
5분거리,1.0
5살,1.0
5살차이,2.0
5세트,1.0
5시,3.0
5시간,2.0
5월,2.0
5의,1.0
5일,4.0
5일동안,1.0
5일만,1.0
5차,1.0
5천만원,1.0
5천보,1.0
5천원따리,1.0
5키로,2.0
6,43.0
60,8.0
6000,1.0
6000만원,1.0
60대,3.0
60세,1.0
60세임,1.0
60임,1.0
65,2.0
65정도,1.0
6개,1.0
6개월,5.0
6년,3.0
6년차,1.0
6등변화,1.0
6등정도,1.0
6명,1.0
6박7일,1.0
6번,2.0
6살,2.0
6시,3.0
6월,1.0
6줄,1.0
6차,3.0
6차기능,1.0
6회정도,1.0
7,37.0
70,5.0
700,1.0
700일,1.0
70세,1.0
73,2.0
75,1.0
77,2.0
7716,1.0
77777777,1.0
77777777ㅓㅓㅓㅓㅓㅓㅓㅓㅓㅓㅓㅓㅓㅓㅓㅓㅓㅓㅓ억,1.0
77키로,2.0
78,1.0
7개,1.0
7년,3.0
7년전쯤,1.0
7만원,1.0
7명,1.0
7번,2.0
7살,1.0
7시,1.0
7시반-8,1.0
7월,3.0
7월달,1.0
7월중순,1.0
7위,1.0
7인,1.0
7일,1.0
7차,3.0
7할,1.0
8,30.0
80,6.0
800,1.0
800만원,1.0
80만원,1.0
80살ㅇㅣ,1.0
80프로,2.0
83,1.0
84,1.0
86,1.0
860,1.0
8636,1.0
86정도,1.0
88,1.0
8기능,1.0
8년,2.0
8년전,1.0
8명,1.0
8번,1.0
8시,2.0
8시간,2.0
8시쯤,1.0
8차,3.0
8키로,1.0
9,14.0
90,4.0
900,3.0
90프로,1.0
91,1.0
99,1.0
99.9,1.0
99.9퍼센트,1.0
999999999999,1.0
9999999999999999999,1.0
9999999999999999999원,1.0
999999999999원,1.0
99가지변수,1.0
9년간,1.0
9번,1.0
9번째,1.0
9천정도,1.0
cd,1.0
ps,1.0
ㄱ,25.0
ㄱㄱ,1.0
ㄱㅂ,1.0
ㄱㅅ,2.0
ㄱㅊ,3.0
ㄱㅊ은,1.0
ㄱㅊ은데,1.0
ㄱㅋㄱㄱ,2.0
ㄱㅋㄱㄲ,2.0
ㄱㅏ,1.0
ㄲ,4.0
ㄴ,14.0
ㄷ,18.0
ㄷㄷ,10.0
ㄷㄷㄷ,1.0
ㄷ완장완장,1.0
ㄹ,52.0
ㄹㅇ,42.0
ㄹㅇㄹㅇ,2.0
ㄹㅇㅇ,1.0
ㄹㅇ실화,2.0
ㄹㅇ정,1.0
ㄹㅇ혼란오,1.0
ㅁ,6.0
ㅁㅁ,2.0
ㅁㅈ,1.0
ㅁㅌㅊ,1.0
ㅂ,69.0
ㅂㅅ,6.0
ㅂㅅ소리,1.0
ㅂㅅ으,1.0
ㅂㅅ으로,2.0
ㅂㅅ이,1.0
ㅂㅋㄱ엔티제,1.0
ㅃ,1.0
ㅃㅇㅋ,1.0
ㅅ,81.0
ㅅ1ㅂ단,1.0
ㅅㄲ,1.0
ㅅㅂ,44.0
ㅅㅂ3주,1.0
ㅅㅂ거짓말,1.0
ㅅㅂ내가,1.0
ㅅㅅ,4.0
ㅅㅌㅊ,3.0
ㅅ이,1.0
ㅆ,4.0
ㅆㅂ,3.0
ㅆㅅㅌㅊ,1.0
ㅇ,146.0
ㅇㄱㄹㅇ,2.0
ㅇㅇ,54.0
ㅇㅇㅇ,2.0
ㅇㅇ단거,1.0
ㅇㅇ라,1.0
ㅇㅇ반경,1.0
ㅇㅇ여친,1.0
ㅇㅇ원래,1.0
ㅇㅇ이,1.0
ㅇㅇ잇티,1.0
ㅇㅈ,8.0
ㅇㅈㄹ,2.0
ㅇㅈㄹ됬겠냐,1.0
ㅇㅋ,3.0
ㅇㅋ개인적으,1.0
ㅇㅋ답장,1.0
ㅇㅋ했는데두번째,1.0
ㅇㆍ야기,1.0
ㅇ이,1.0
ㅈ,145.0
ㅈㄱ,6.0
ㅈㄷ,1.0
ㅈㄹㅈ,1.0
ㅈㅂ,1.0
ㅈㅅ,1.0
ㅈㅈ,1.0
ㅈㅐ,1.0
ㅈ목질,1.0
ㅈ박,1.0
ㅉ,3.0
ㅉㅉ,1.0
ㅉㅉㅉ,1.0
ㅉㅉ노답샛,1.0
ㅊ,12.0
ㅊㅈㅂㅇ,1.0
ㅋ,24.0
ㅋㄹ,1.0
ㅋㅌ,3.0
ㅋㅌ대답안해,1.0
ㅋ다행인건,1.0
ㅋ연령대,1.0
ㅌ,7.0
ㅍ,2.0
ㅍㅌㅊ,1.0
ㅍ가가,1.0
ㅎ,6.0
ㅎㄷㄷ,1.0
ㅎㅇ,1.0
ㅎㅇ잇티,1.0
ㅏ,4.0
ㅏㅇ으ㅏㅇ,1.0
ㅐ,4.0
ㅐ글,1.0
ㅓ,3.0
ㅓㅓㅓ,1.0
ㅓㅓㅓㅓㅓㅓㅓㅓㅓㅓㅓㅓㅓㅓㅓㅓ,1.0
ㅕ,1.0
ㅖ,1.0
ㅖㅏ,1.0
ㅗ,1.0
ㅘ,1.0
ㅘ루가,1.0
ㅛ,5.0
ㅛㅂ,1.0
ㅜ,16.0
ㅜ남성,1.0
ㅜ예,1.0
ㅜ재회가능성,1.0
ㅠ,31.0
ㅠㅅㅠ,1.0
ㅠ눈치,1.0
ㅠ둘,1.0
ㅠ몸,1.0
ㅠ서,1.0
ㅠ친절,1.0
ㅠ퓨ㅠ,1.0
ㅡ,8.0
ㅡㅇ,1.0
ㅣ,7.0
ㅣ바,1.0
ㆍ,1.0
가ㅜ,1.0
가가,1.0
가게,5.0
가게부,1.0
가겠,1.0
가겠노,1.0
가격,7.0
가격대,3.0
가격비교,1.0
가계부,1.0
가급적,1.0
가기,14.0
가기전,1.0
가나,3.0
가난,4.0
가난루트,1.0
가내,1.0
가늠,2.0
가능,53.0
가능2,1.0
가능성,22.0
가능성3,1.0
가능성6,1.0
가능성8,1.0
가능성있음,1.0
가능질문,1.0
가능하다,1.0
가더,1.0
가도,2.0
가락,2.0
가래,1.0
가량,1.0
가리개,3.0
가림,3.0
가림2,1.0
가면,9.0
가미,1.0
가방,4.0
가방끈,1.0
가벼운,2.0
가보,2.0
가본,2.0
가사,2.0
가셈,1.0
가셈ㅂㅇ,1.0
가소,1.0
가스,18.0
가스라이터,1.0
가스라이팅,17.0
가슴,6.0
가슴근육,1.0
가슴살,1.0
가슴속,1.0
가슴팍,1.0
가시,2.0
가식,5.0
가신,1.0
가심,2.0
가심심하노,1.0
가십,1.0
가십거리,1.0
가야,8.0
가야지시발,1.0
가야해,1.0
가요,3.0
가요옆,1.0
가운데,1.0
가을,3.0
가을마렵노,1.0
가의,1.0
가이,1.0
가이드라인,1.0
가임,1.0
가입,1.0
가있,2.0
가있고,1.0
가장,2.0
가전,1.0
가정,14.0
가정사,1.0
가정적,1.0
가정폭력,2.0
가정하에,2.0
가정하에엔티제,1.0
가정환경,4.0
가족,29.0
가족구성원,1.0
가족력,1.0
가족버프,1.0
가족연인제외,1.0
가족연인지인,1.0
가족적,1.0
가족중,1.0
가지,26.0
가지감정,2.0
가지게,1.0
가지기,1.0
가지마,1.0
가지신분,1.0
가짜,6.0
가짜배고픔,1.0
가짜새끼,1.0
가짜자료,1.0
가차,1.0
가책,1.0
가치,12.0
가치관,5.0
가치관1,1.0
가치관내,1.0
가치관요소,1.0
가치관은,1.0
가치임,1.0
가톨릭대,1.0
가학,1.0
가해,1.0
가혹,1.0
각,6.0
각각,3.0
각보,1.0
각색,1.0
각오,4.0
각자,5.0
각자갈,1.0
각자갈길가,1.0
각재,1.0
간,30.0
간거,1.0
간격,1.0
간결,1.0
간극,1.0
간도,1.0
간땡이,1.0
간만,2.0
간부,1.0
간섭,4.0
간식,2.0
간쓸개,1.0
간장,1.0
간장맛,1.0
간적,1.0
간지,2.0
간택,11.0
간파,3.0
간퍄,1.0
간편,1.0
간편하개,1.0
간한,1.0
간호,1.0
간호대,1.0
간호사,1.0
갈등,10.0
갈등관계,1.0
갈등관찰,1.0
갈등상황,1.0
갈래,2.0
갈망,1.0
갈증,1.0
갈피,1.0
감,49.0
감2,1.0
감3,1.0
감4,1.0
감ㅋ,1.0
감각,7.0
감각적,3.0
감각적사고,1.0
감격,2.0
감과,1.0
감기,5.0
감기기운인지,1.0
감기약,2.0
감내,4.0
감당,4.0
감도,5.0
감독,1.0
감동,6.0
감량,1.0
감별,1.0
감사,13.0
감사링,1.0
감사링친구,1.0
감사해,1.0
감생,1.0
감성,9.0
감성적,5.0
감수,2.0
감수성,1.0
감시간,1.0
감쓰,4.0
감안,2.0
감영,1.0
감옥,1.0
감이,3.0
감정,85.0
감정거세,1.0
감정기복,2.0
감정낭비,1.0
감정만큼,1.0
감정선,1.0
감정소모,2.0
감정쓰레기통,1.0
감정의,2.0
감정이래,1.0
감정적,14.0
감정적임,1.0
감정적임내가,1.0
감정정리,1.0
감정조절,1.0
감정표현,1.0
감집,1.0
감춘,1.0
감춤,1.0
감흥,3.0
갑,8.0
갑분,3.0
갑자,1.0
갑자기,1.0
갑툭튀,1.0
값,5.0
값어치,1.0
갓,10.0
갓걸랑,1.0
강,18.0
강강,2.0
강강약강,1.0
강남,3.0
강당,1.0
강대,1.0
강도,5.0
강박,8.0
강박작용,1.0
강박증,3.0
강북,1.0
강사,1.0
강성,1.0
강성훈,1.0
강아지,4.0
강압,2.0
강압적,1.0
강약,3.0
강약약강,2.0
강약약강임지,1.0
강요,5.0
강원,1.0
강원도,1.0
강의,3.0
강자,1.0
강점,1.0
강제,4.0
강조,1.0
강짜,1.0
강철,1.0
강철줏대ㅅㅂ,1.0
강퇴,1.0
강하,1.0
강하다,1.0
강하면,1.0
강한,1.0
갖가지,1.0
같노,2.0
같애계획,1.0
같애왜,1.0
같앵,1.0
같어,2.0
같에,1.0
같움,1.0
같음집,1.0
개,137.0
개ㅂㅅ,1.0
개가,1.0
개간,2.0
개갓,1.0
개개인,1.0
개국,1.0
개국공신,1.0
개그,2.0
개그감각,1.0
개극,1.0
개기,1.0
개꼰대,1.0
개꿀,3.0
개념,8.0
개념글,3.0
개념자체,1.0
개노답,1.0
개노맛,2.0
개노잼,1.0
개다리,1.0
개돼지,2.0
개돼지새끼,1.0
개드립,1.0
개똥,3.0
개뜬금,1.0
개마니마니햇는데댓글,1.0
개면,1.0
개무시,2.0
개미,1.0
개발,4.0
개발자,2.0
개방성,1.0
개방적,2.0
개벌레섹스충,1.0
개별,1.0
개병신,1.0
개병신소리,1.0
개봉,1.0
개븅신,1.0
개빡,5.0
개뿔,1.0
개사,1.0
개사ㅣ이,1.0
개상,1.0
개상또라이,1.0
개새끼,2.0
개선,4.0
개설,1.0
개설레,1.0
개소리,10.0
개수,1.0
개쉐이들,1.0
개신,1.0
개신기하노,1.0
개심,1.0
개싸이코,1.0
개쌍욕,1.0
개씨발,2.0
개씨발새끼,1.0
개씹,2.0
개씹억까,1.0
개씹울보새끼,1.0
개연성,1.0
개오,2.0
개오바임,1.0
개오반거,1.0
개웃기노,1.0
개월,18.0
개위,1.0
개이득,1.0
개인,9.0
개인사,2.0
개인사업,1.0
개인시간,1.0
개인시간활용,1.0
개인역량,1.0
개인적,26.0
개인주의,1.0
개인차,1.0
개인플레이,1.0
개입,2.0
개자슥,1.0
개재밌넼,1.0
개조,2.0
개존맛탱,1.0
개좆밥,1.0
개지랄,4.0
개천,2.0
개총,1.0
개충격,2.0
개치,1.0
개치임성향,1.0
개킹,1.0
개파국,1.0
개판,1.0
개편,2.0
개편하노,1.0
개호구,1.0
개화,2.0
개화남,1.0
객관,2.0
객관적,15.0
객관적5,1.0
객관화,8.0
갠톡으,1.0
갤러,5.0
갤러리,18.0
갤러리실존인물,1.0
갤러리이름,1.0
갤러있음,1.0
갤에,11.0
갭,1.0
걌,1.0
걔,44.0
걔내들이야말,1.0
걔네,4.0
걔네들,2.0
걔네집,1.0
걔넨,1.0
걔들,2.0
걔보고,1.0
걔한테,1.0
걘,2.0
거,855.0
거0,1.0
거1,1.0
거갓,1.0
거같어,1.0
거거,1.0
거겠,1.0
거겧지,1.0
거구,4.0
거국,1.0
거기,25.0
거남자,1.0
거내가,1.0
거냐안읽씹,1.0
거노,3.0
거다나,1.0
거다매,2.0
거대,2.0
거들,1.0
거라,1.0
거란,2.0
거란착각,1.0
거랑,15.0
거래,6.0
거래량,1.0
거래처,3.0
거로,5.0
거름,1.0
거리,38.0
거리감,1.0
거리낌,1.0
거림,1.0
거만,3.0
거만큼,1.0
거맛,1.0
거먹자,1.0
거면,2.0
거명,2.0
거보,2.0
거부,4.0
거부감,3.0
거부표현,2.0
거북이,1.0
거사,1.0
거세,1.0
거속,1.0
거수,1.0
거야걔,1.0
거양보,1.0
거여,2.0
거울,1.0
거유,1.0
거의,3.0
거인,2.0
거인지대부분,1.0
거일,3.0
거임,57.0
거임3,1.0
거임결론,1.0
거임군면제,1.0
거임내가,1.0
거임너와,1.0
거임사장,1.0
거임원래,1.0
거임잇팁,1.0
거임절대,1.0
거잖,1.0
거절,25.0
거절신호,1.0
거절안,1.0
거지,50.0
거지근성,1.0
거지길,1.0
거지내가,1.0
거짓,2.0
거짓말,30.0
거짓말침,1.0
거짓선동,1.0
거품,1.0
거하,1.0
걱정,19.0
건,140.0
건1,1.0
건가나,1.0
건강,19.0
건강관리,2.0
건강하다,1.0
건내가,1.0
건덕지,1.0
건물,1.0
건방,1.0
건보,1.0
건설적,2.0
건성,1.0
건아,1.0
건요요,1.0
건조,2.0
건지,1.0
건지안읽씹했다,1.0
건진,1.0
걸,19.0
걸랑,1.0
걸레,5.0
걸레라,1.0
걸레짓,1.0
걸머리,1.0
걸음,1.0
검사,24.0
검색,4.0
검소,1.0
검스,1.0
검정색,1.0
검증,4.0
검찰,1.0
검찰조사,1.0
겁,11.0
것9,1.0
것같노,1.0
것들보,1.0
것보소,1.0
것임,1.0
겉,22.0
겉모습,1.0
겉바속촉,2.0
겉보기,1.0
겉속,1.0
겉핡기,1.0
겉핥기,1.0
게,13.0
게다,1.0
게시,4.0
게시글,4.0
게시물,3.0
게시판,2.0
게으름,4.0
게을,1.0
게이,9.0
게이게이,1.0
게이지,1.0
게임,23.0
게임조금,1.0
게임초대,1.0
겐,9.0
겐세이,1.0
겜,5.0
겜임,1.0
겟지,1.0
겠노,1.0
겠다,7.0
겠다밥,1.0
겠단,1.0
겠따,1.0
겠으,1.0
겠음,1.0
겠지,2.0
겨울,3.0
격,5.0
격려,1.0
격차,1.0
격투기,2.0
격하,1.0
견디기,1.0
견본,1.0
견제,1.0
결,18.0
결과,13.0
결과물,2.0
결과적,1.0
결국,31.0
결단력,1.0
결론,19.0
결론사람,1.0
결벽증,1.0
결별,1.0
결여,6.0
결정,12.0
결정기준,1.0
결정장애때문,1.0
결정체,1.0
결정체임,1.0
결제,2.0
결제이후,1.0
결책,1.0
결핍,6.0
결함,1.0
결혼,55.0
결혼가능,2.0
결혼생각,1.0
결혼생활,1.0
결혼식,1.0
결혼식장,1.0
결혼안해,1.0
결혼얘기,2.0
결혼적령기,2.0
결혼적령기라,1.0
결혼전,1.0
결혼전제,1.0
결혼초,1.0
겸,6.0
겸비,1.0
겸손,3.0
겸손따위,1.0
겼공,1.0
경,1.0
경계,6.0
경계선,1.0
경계선상,1.0
경계심,1.0
경고,2.0
경관,1.0
경량,1.0
경량패딩,1.0
경례,1.0
경로,1.0
경리,1.0
경리년,1.0
경비원,1.0
경비원분한테,1.0
경상도,1.0
경영학과,1.0
경영학과라도,1.0
경우,63.0
경우임,2.0
경쟁심,1.0
경쟁자,1.0
경제,1.0
경제력,1.0
경제적,5.0
경제적난관,1.0
경제흐름,1.0
경조사,1.0
경조사비,1.0
경지,1.0
경찰,3.0
경찰간부,1.0
경청,2.0
경하,1.0
경향,8.0
경험,35.0
경험담,1.0
경험자,1.0
곁,4.0
곁눈질,1.0
계기,1.0
계단,3.0
계단오르기,3.0
계라,1.0
계란,2.0
계란후라이,1.0
계발,2.0
계산,14.0
계산기,2.0
계산적임,1.0
계산중,1.0
계속,28.0
계속2,1.0
계심,1.0
계약,1.0
계열,3.0
계열이랑,1.0
계절,1.0
계좌,1.0
계좌잔고,1.0
계지,1.0
계통,1.0
계획,32.0
계획도,1.0
계획성,2.0
계획세운,1.0
계획적,5.0
계획중,1.0
고,78.0
고1,1.0
고2,1.0
고3,1.0
고갈,1.0
고개,1.0
고객,1.0
고객센터,1.0
고견,1.0
고고,1.0
고고혀,1.0
고교,1.0
고교친구,1.0
고구마,3.0
고그램,1.0
고기,2.0
고기튀김본인,1.0
고난,1.0
고님,1.0
고대,1.0
고도,5.0
고독,1.0
고등,7.0
고등학교,7.0
고등학교때,1.0
고등학교친구,1.0
고딩때,1.0
고딩친구,1.0
고람,1.0
고려,6.0
고롤,1.0
고립,3.0
고마,1.0
고마움,4.0
고며칠,1.0
고문제,1.0
고민,68.0
고민10월,1.0
고민글,2.0
고민끝,1.0
고민따위,1.0
고민상담,4.0
고민상담고민상담,1.0
고민중,2.0
고민하다,1.0
고백,39.0
고백각,1.0
고백차이,1.0
고비,1.0
고상,1.0
고생,14.0
고생각,1.0
고성,1.0
고성방,1.0
고소,3.0
고수,3.0
고시,1.0
고시준비중,1.0
고아,1.0
고아리,1.0
고양이,7.0
고어,1.0
고어물,1.0
고연령,1.0
고열,1.0
고옆,1.0
고온,1.0
고요,2.0
고유,1.0
고이젠,1.0
고인,2.0
고인간,2.0
고자기,1.0
고장,3.0
고정,3.0
고정납품,1.0
고정적,1.0
고조,1.0
고졸,2.0
고지,1.0
고집,15.0
고찰,3.0
고추,2.0
고통,2.0
고함,10.0
고함5,1.0
고향,2.0
고향처,1.0
곡,2.0
곡식,1.0
곡절,1.0
곤,1.0
곤란,1.0
골,5.0
골라봐,1.0
골머리,1.0
골뱅이,1.0
골뱅이무침소면이래,1.0
골인,1.0
곰,1.0
곰방,1.0
곰팡이,2.0
곱,1.0
곳,27.0
공,9.0
공간,4.0
공감,55.0
공감능력,9.0
공감능력부족,1.0
공감대,1.0
공감만화,1.0
공감불치병,1.0
공감안됨친척,1.0
공감안해주자,1.0
공개,1.0
공격,7.0
공격성,1.0
공격적,1.0
공고,1.0
공과,1.0
공과사,1.0
공기,2.0
공기청정기,1.0
공대,4.0
공대24살모,1.0
공대생,1.0
공략,7.0
공략법,1.0
공모전,1.0
공무원,4.0
공방,1.0
공백기,1.0
공부,43.0
공부시간,2.0
공부행,1.0
공부히,1.0
공산당,1.0
공생,1.0
공시,1.0
공식,2.0
공신,1.0
공연,1.0
공예품,1.0
공원,1.0
공유,11.0
공이,1.0
공인,1.0
공작,2.0
공적,6.0
공정,2.0
공존,1.0
공주,1.0
공중,1.0
공중제비,1.0
공지,4.0
공통,6.0
공통분모,2.0
공통적,2.0
공통점,8.0
공통지인,1.0
공포증,1.0
공학,1.0
공학기술,1.0
공학박사,1.0
공허,2.0
공황,1.0
과,12.0
과거,9.0
과거사,1.0
과거역사,1.0
과대,1.0
과대평가,1.0
과도,2.0
과라,1.0
과목,2.0
과몰입,2.0
과묵,1.0
과민,1.0
과민반응이닝남친,1.0
과발현,2.0
과부하,2.0
과생활,1.0
과소비,1.0
과소평가,1.0
과시,1.0
과외,1.0
과의,4.0
과일,1.0
과잉,1.0
과자,2.0
과장,4.0
과장님,1.0
과정,10.0
과제,6.0
과제중심,1.0
과체중,1.0
과팅,1.0
과학,6.0
과한,1.0
관,3.0
관계,80.0
관계라,1.0
관계속,1.0
관계임1,1.0
관계정의,1.0
관내,1.0
관념,1.0
관련,26.0
관리,22.0
관리자,4.0
관리자업무,1.0
관성,1.0
관습,1.0
관습형,1.0
관심,105.0
관심도,1.0
관심분야,3.0
관심사,6.0
관심없는거,1.0
관심있음,1.0
관용,1.0
관은,1.0
관이,1.0
관절,1.0
관점,5.0
관종끼,1.0
관찰,5.0
관철,1.0
관통,1.0
광,1.0
광경,1.0
광대,2.0
광대역할,1.0
광범위,1.0
광복,1.0
광복절,1.0
광복절기념,1.0
괴,1.0
괴기,1.0
괴담,1.0
괴로움,1.0
괴로워서갤,1.0
괴리감,1.0
괴물,2.0
괴성,1.0
교,1.0
교감,1.0
교대,3.0
교대근무,1.0
교류,1.0
교사,3.0
교양,1.0
교우,1.0
교우관계,1.0
교육,8.0
교육법,2.0
교육부,1.0
교육체계,1.0
교정,4.0
교제,1.0
교통비,1.0
교통수단,1.0
교환,2.0
교회,4.0
교회쟁,1.0
교훈,1.0
구,27.0
구간,1.0
구경,5.0
구구절절,1.0
구구절절도,1.0
구글,1.0
구글임,1.0
구남친,1.0
구내,1.0
구내식당,1.0
구독,2.0
구두,2.0
구두쇠,1.0
구들,18.0
구라,6.0
구라같노시간대비,1.0
구래,1.0
구렁,1.0
구림,1.0
구말,1.0
구멍,1.0
구멍낫노,1.0
구별,2.0
구별법,2.0
구분,9.0
구비,2.0
구상,2.0
구석,3.0
구성,1.0
구성원,1.0
구애,1.0
구연산,1.0
구원,2.0
구절,2.0
구조,6.0
구조임,1.0
구질,1.0
구질구질,1.0
구체적,6.0
구할거,1.0
구현,1.0
국,4.0
국가,2.0
국내,1.0
국룰,1.0
국무부,1.0
국물,1.0
국물도없어친구가,1.0
국물맛,1.0
국밥,2.0
국뽕,1.0
국수,1.0
국수나라,1.0
국어,1.0
군,14.0
군ㅋ,1.0
군거,1.0
군것질,1.0
군대,24.0
군대가기전,1.0
군대동기,1.0
군대문화,2.0
군데,1.0
군말,1.0
군면제,1.0
군상,1.0
군생활,3.0
군용차,1.0
군인,2.0
군자,1.0
굴,1.0
굴곡,1.0
굴레,1.0
굴맨,1.0
굴복,1.0
굴종,1.0
굼,1.0
궁,12.0
궁금하,2.0
궁금해서내남친,1.0
궁리,1.0
궁리밖,1.0
궁핍,1.0
궁합,8.0
궁합표,1.0
권,1.0
권위,5.0
권위적임,1.0
권위주의,1.0
권장,1.0
권총,1.0
권태,1.0
권태기,3.0
권함,1.0
궤,1.0
궤변,1.0
귀,15.0
귀걸이,1.0
귀결,1.0
귀기,1.0
귀기가능,1.0
귀뜸,1.0
귀신,2.0
귀야,1.0
귀엽노,1.0
귀재,1.0
귀찬,1.0
귀탆,1.0
귀탆아,1.0
귀탱,1.0
귀탱임,1.0
규,1.0
규모,1.0
규칙적,3.0
규칙적임,1.0
규탄,1.0
균,1.0
균형,1.0
그,25.0
그간,1.0
그거,23.0
그것,53.0
그곳,1.0
그날,6.0
그녀,2.0
그년,1.0
그늘,1.0
그다음,3.0
그대,3.0
그동안,11.0
그때,17.0
그때만큼,1.0
그랜트,1.0
그램,6.0
그랬는데엣티제남들,1.0
그럴빠,1.0
그렇더라노잼진지충,1.0
그로,3.0
그룹,3.0
그룹과제,1.0
그릇,1.0
그리고버루토,2.0
그린,1.0
그린라이트,1.0
그림,1.0
그만둬야겠다,1.0
그만큼,2.0
그분,3.0
그새,2.0
그저께,3.0
그전,3.0
그중,3.0
그지,1.0
그쪽,7.0
극,32.0
극강,2.0
극공감,1.0
극극극,1.0
극극극호,1.0
극내성적,1.0
극단적,9.0
극도,5.0
극복,9.0
극상,1.0
극상위,1.0
극상품,1.0
극소수,2.0
극소수임대부분,1.0
극우,1.0
극우뇌,1.0
극장,2.0
극장판,2.0
극적,1.0
극체,1.0
극치,1.0
극한,5.0
극현실주의야,1.0
극혐함발전,1.0
극호,1.0
근,9.0
근거,4.0
근력,1.0
근무,6.0
근무시간,1.0
근무지,2.0
근방,1.0
근본,1.0
근본적인,1.0
근성,1.0
근손실,2.0
근원,1.0
근육,6.0
근육마비,1.0
근육질,3.0
근처,3.0
근퇴,2.0
근퇴후운동,1.0
근해,1.0
근황,1.0
근히,1.0
글,114.0
글보고,1.0
글쓴이,1.0
글올림,1.0
글일,1.0
글임,1.0
글자,1.0
금,15.0
금딸,2.0
금목걸이,1.0
금사빠,3.0
금사식,1.0
금사식임,1.0
금속,1.0
금속탐지기,1.0
금수저,1.0
금연,4.0
금요일,3.0
금욜,1.0
금융,1.0
금융권,1.0
금은,1.0
금전,2.0
금전적,2.0
금주,1.0
금지,7.0
금지임,1.0
금하,2.0
금해서,1.0
급,24.0
급발진,5.0
급발진소리,1.0
급브레이크,1.0
급사회성,1.0
급속,1.0
급속도로,1.0
급식,3.0
급식때,1.0
급식시절,1.0
급식이,1.0
급여,1.0
긍,2.0
긍데,2.0
긍정적,8.0
기,28.0
기가,7.0
기간,12.0
기간계산,1.0
기간내,1.0
기간동안,4.0
기강,1.0
기겁,1.0
기계,3.0
기고,1.0
기관,2.0
기기,1.0
기념,2.0
기념일,2.0
기능,19.0
기능이면서원인,1.0
기능인,1.0
기능중,1.0
기대,11.0
기대가능,1.0
기대치,2.0
기대하능것,1.0
기도,9.0
기독교,1.0
기라,2.0
기래,1.0
기록함,1.0
기류,3.0
기름,2.0
기름값,1.0
기름값줄,1.0
기만,3.0
기말,1.0
기말때문,1.0
기모,1.0
기반,8.0
기보,1.0
기복,3.0
기본,11.0
기본적,8.0
기분,73.0
기분나아지게,1.0
기분임업무능력,1.0
기분전환,2.0
기분전환겸,1.0
기브,2.0
기브앤,1.0
기쁨,1.0
기사,1.0
기상,7.0
기상기상,1.0
기상기상기상,1.0
기색,2.0
기생충,1.0
기세,1.0
기숙,1.0
기숙사,2.0
기숙사갈때,1.0
기술,4.0
기술지원팀,1.0
기술직,1.0
기승,1.0
기승전지얘기임,1.0
기안,1.0
기안84,1.0
기억,25.0
기억력,2.0
기억안,1.0
기업,1.0
기업체,1.0
기에강,1.0
기에강아지,1.0
기여,1.0
기여코,1.0
기운,2.0
기의,1.0
기인,2.0
기입,1.0
기자,2.0
기절,1.0
기제,1.0
기존,3.0
기주,1.0
기준,30.0
기준임,1.0
기지,1.0
기질,15.0
기차,2.0
기차표,1.0
기초,1.0
기초대사량저하,1.0
기타,2.0
기타등등,1.0
기피,1.0
기하,1.0
기한,1.0
기함,3.0
기해,4.0
기회,14.0
기회주고남,1.0
기회주의,1.0
긱,1.0
긴급,1.0
긴급전투,1.0
긴장,8.0
긴장감,1.0
긴팔,1.0
길,18.0
길가,4.0
길거리,3.0
길때,1.0
길바닥,2.0
김,16.0
김5,1.0
김기수,1.0
김민,1.0
김민재,1.0
김치,2.0
김치찌개,2.0
김칫국,3.0
김태,1.0
깅,1.0
깊이,1.0
까까,3.0
까까물가,1.0
까치,1.0
까튼,1.0
깜짝이,1.0
깝깝,2.0
깝깝함,1.0
깝쳐,1.0
깡,4.0
깡깡언,1.0
깥,1.0
깨,4.0
깨달음,4.0
깨달음결국,1.0
깨야,1.0
깻,1.0
깻잎,2.0
깽이,1.0
깽판치,1.0
꺼,22.0
꺼2,1.0
꺼래,1.0
꺼래10시반쯤,1.0
꺼임,1.0
꺼지라,1.0
껍데기,1.0
꼬라지,1.0
꼬리,3.0
꼬추,1.0
꼬투리,3.0
꼭지,1.0
꼰대,15.0
꼰대기질,2.0
꼳,1.0
꼳히쥬,1.0
꼴,14.0
꼴갑,1.0
꼴불견,1.0
꼴찌,2.0
꼴찌인,1.0
꼼수,1.0
꼽주,2.0
꽁,1.0
꽁냥대면,1.0
꽃,4.0
꽃대,1.0
꽃밭이고,1.0
꽃봉오리,1.0
꽃혀,1.0
꾸지,1.0
꾹닫,1.0
꿀,3.0
꿀같,1.0
꿀맛,1.0
꿀밤,1.0
꿀벌,1.0
꿀빨래,1.0
꿀잼,1.0
꿈,12.0
꿈꿈,1.0
꿈속,1.0
꿍,1.0
끈,1.0
끈기,2.0
끈기부족10,1.0
끈기지리,1.0
끊을려,2.0
끝,37.0
끝나도,1.0
끝남,2.0
끝내기,1.0
끝낼려,1.0
끝대충,1.0
끝맺음,1.0
끝임,1.0
끝장,1.0
끝판,1.0
끝판왕,1.0
끼,21.0
낌새,1.0
나,688.0
나간,1.0
나겠지ㅠ그래,1.0
나규,1.0
나기,1.0
나깨,1.0
나날,1.0
나누기,1.0
나도,78.0
나도걔,2.0
나도몰,1.0
나라,7.0
나로,1.0
나루토,2.0
나루토사스,2.0
나루토세대,1.0
나루토처음,1.0
나르시시스트,1.0
나르시시즘,2.0
나르시시즘환자,2.0
나르시시티즈,1.0
나름,25.0
나머지,5.0
나무,2.0
나무위키,1.0
나발,1.0
나보,1.0
나봤,1.0
나사,1.0
나아,1.0
나열,2.0
나오키,1.0
나의,8.0
나이,42.0
나이대,2.0
나이대도,1.0
나이제한,1.0
나이직급차,1.0
나이차이,1.0
나인,1.0
나인거,1.0
나잇,6.0
나중,33.0
나중가면,2.0
나지,4.0
나지마라,1.0
나치,1.0
나태,3.0
나태지옥,1.0
나한,37.0
나한터,4.0
나한테,33.0
낙담,1.0
낙이,1.0
낙하산,1.0
낚시,1.0
난,23.0
난관,1.0
난리,1.0
난리남,1.0
난이,3.0
난이도,2.0
난이도가,1.0
난장판,1.0
난제,1.0
난지,1.0
날,70.0
날개,2.0
날리더,1.0
날먹,1.0
날밤,1.0
날보고,1.0
날씨,6.0
날씨최고,1.0
날아가,1.0
날조,1.0
날조온라인,1.0
날짜,1.0
남,258.0
남ㅇㅇ,1.0
남과,2.0
남궁,1.0
남궁민,1.0
남근,1.0
남남,5.0
남녀,10.0
남녀사이,2.0
남녀사이로,1.0
남녀혐오,1.0
남도,2.0
남동생,2.0
남때문,1.0
남미,1.0
남미새,1.0
남보고,1.0
남불,4.0
남불지,1.0
남사친,10.0
남새,1.0
남새ㄲ,1.0
남성,3.0
남성격,1.0
남앞길,1.0
남어,1.0
남엣티,1.0
남엣티제가,1.0
남여,1.0
남용,1.0
남의,1.0
남의식,1.0
남이,1.0
남이면,1.0
남이사,1.0
남인,4.0
남인데,4.0
남일,1.0
남자,226.0
남자1,1.0
남자27살,1.0
남자날,1.0
남자내가,1.0
남자동생,1.0
남자때메,1.0
남자랑,1.0
남자만큼,2.0
남자바람끼,1.0
남자바지,1.0
남자분,3.0
남자사람지인,1.0
남자새끼,1.0
남자애,4.0
남자애가,1.0
남자얘,1.0
남자얘들,1.0
남자여자,1.0
남자외모,1.0
남자이상형,1.0
남자인건,1.0
남자임,1.0
남자입장,1.0
남자적자,1.0
남자지꼬라지,1.0
남자지인,1.0
남자친구,35.0
남자친구심리,1.0
남자친구였고얘,1.0
남자키,1.0
남잔,1.0
남잔지,1.0
남직원,1.0
남짓,1.0
남치,1.0
남친,104.0
남친과의,1.0
남친덕,2.0
남친반응,1.0
남친새끼,1.0
남친생일때,1.0
남친얘기,1.0
남친여친,1.0
남친임,1.0
남탓,3.0
남편,6.0
남폼,1.0
납득,9.0
납품,1.0
낫,4.0
낫노,1.0
낫더,1.0
낫밷,1.0
낭만,1.0
낭비,11.0
낭시,1.0
낮,7.0
낮잠,2.0
낯,6.0
내,369.0
내가,311.0
내가남자,1.0
내가본,1.0
내가연락,1.0
내가잘못,1.0
내가하라,1.0
내가함,1.0
내강,1.0
내고,12.0
내고사무실,1.0
내기,2.0
내남친,1.0
내년,1.0
내는데어캐해,1.0
내도,3.0
내란,1.0
내란다,1.0
내리기,1.0
내리막길,1.0
내말,1.0
내면,12.0
내면속성,1.0
내면적,1.0
내복,1.0
내상,1.0
내색,1.0
내서,14.0
내성,2.0
내성적,3.0
내시,1.0
내심,1.0
내아,1.0
내야,4.0
내얼굴,2.0
내업무,1.0
내역,2.0
내외,1.0
내용,19.0
내용임,2.0
내일,22.0
내입장,2.0
내적,6.0
내적친밀감,1.0
내컴,1.0
내특징,1.0
내하,2.0
내향,14.0
내향형,1.0
낼,2.0
냄새,9.0
냄새안,2.0
냉,3.0
냉기,1.0
냉난방,1.0
냉담,1.0
냉동,1.0
냉동밥,1.0
냉동생지사,1.0
냉면,1.0
냉장고,1.0
냉정,8.0
냉정하지,1.0
냉탕,1.0
냉혈,1.0
냐고,1.0
냐나,1.0
냥,2.0
너,174.0
너네,2.0
너넨좋,1.0
너머,1.0
너무바뻐,1.0
너무힘들거깉아,1.0
너와,1.0
너희,25.0
넋,2.0
넋두리,1.0
넋두리식,1.0
넌,4.0
넌아니래,1.0
널,7.0
넘,10.0
넘어가게,1.0
네도,2.0
네래,2.0
네스,1.0
네스타일,1.0
네오,2.0
네오나치,1.0
네이버,1.0
넨,36.0
넵봇,1.0
넷,8.0
넷상,3.0
넷플,1.0
넷플릭스,1.0
넹,1.0
넼,1.0
녀,83.0
녀석,2.0
녀의,1.0
년,111.0
년간,2.0
년놈,1.0
년도,1.0
년동안,1.0
년생,2.0
년안,1.0
년전,2.0
녕,1.0
노,90.0
노ㄷㄷ,1.0
노가리,1.0
노골적,1.0
노년층,1.0
노답,2.0
노답상황,1.0
노동,3.0
노동법,2.0
노래,16.0
노래방,2.0
노력,54.0
노력도,1.0
노루,2.0
노루스름,1.0
노릇,1.0
노무,1.0
노무라현노,1.0
노무현,3.0
노바,17.0
노백신,1.0
노빠꾸,3.0
노예,4.0
노예살이중,1.0
노예제,1.0
노이,1.0
노이해임,1.0
노인정,1.0
노재팬때,1.0
노잼,21.0
노잼끼,1.0
노잼이래,1.0
노잼임,1.0
노조,1.0
노좆스크,1.0
노출,3.0
노출녀,1.0
노코로나,1.0
노화,1.0
녹음,3.0
녹음피씨방,1.0
논,1.0
논란,1.0
논리,9.0
논리적,11.0
논문,2.0
논문투고,1.0
논쟁,2.0
논점,1.0
놀라움,1.0
놀람,3.0
놀림,1.0
놀음,1.0
놀이,1.0
놀이공원,1.0
놈,31.0
놈뇬,1.0
농,1.0
농담,5.0
농담식,1.0
농땡이,2.0
농작물,1.0
높으,2.0
높을려,1.0
높잖냐그래,1.0
놨넹,1.0
뇌,12.0
뇌가,1.0
뇌과학,1.0
뇌내시뮬,1.0
뇌리,2.0
뇌절치,1.0
뇌피셜임,1.0
뇬,1.0
뇸,1.0
뇸뇸,1.0
뇽,1.0
누,40.0
누구,31.0
누군,1.0
누군가,14.0
누나,13.0
누나누나,2.0
누르기,1.0
눈,47.0
눈길,1.0
눈깔,2.0
눈물,15.0
눈물즙쇼,1.0
눈물콧물,1.0
눈물흘림평소,1.0
눈밑살,1.0
눈빛,2.0
눈썹,1.0
눈앞,1.0
눈엣가시,1.0
눈치,29.0
눈치보고,2.0
눈치안보,1.0
눈코,3.0
눈코입,2.0
눈팅,2.0
뉘앙스,3.0
뉴,1.0
뉴스,8.0
뉴스보고,3.0
뉴진스,1.0
느낌,104.0
느낌2,1.0
느낌결론,1.0
느낌기쌔보이,1.0
느낌남젋은사람인데,1.0
느낌내가,1.0
느낌물질적,1.0
느낌상,1.0
느낌안,1.0
느낌엠,1.0
느낌연락,1.0
느낌임,10.0
느낌임간섭,1.0
느낌임내향인,1.0
느낌자기관리,1.0
느낌지금,1.0
느들,1.0
느림,3.0
능,4.0
능가,1.0
능것,1.0
능구렁,1.0
능력,33.0
능력격차,1.0
능력본위사회,1.0
능력어필,1.0
능력자,1.0
능률,1.0
능지,2.0
늦잠,1.0
늬,1.0
늬들,1.0
늬앙스,2.0
니,66.0
니네,1.0
니들,24.0
니래,2.0
니스,2.0
니어,6.0
니어그램,3.0
니플,1.0
니플패,1.0
닉,4.0
닉들,1.0
닉언,1.0
닉언임,1.0
님,21.0
님샤워,1.0
님자,1.0
닛,2.0
닝,1.0
닝데,1.0
다,34.0
다가,5.0
다가전,1.0
다각,1.0
다각오,1.0
다기,1.0
다나,1.0
다님,6.0
다님관리,1.0
다다,2.0
다다다다,1.0
다단,3.0
다단계,1.0
다단백질셰이크,1.0
다도,2.0
다라,5.0
다량,1.0
다리,5.0
다리미,1.0
다매,3.0
다반사,2.0
다소,1.0
다수,2.0
다시,1.0
다양,4.0
다음,35.0
다음날,14.0
다음달,1.0
다음신호,1.0
다음얘,1.0
다음주,7.0
다음주가,1.0
다음주말,1.0
다음주중,1.0
다이,9.0
다이나믹,1.0
다이노,1.0
다이렉트,2.0
다이빙,1.0
다이소,3.0
다이어리,1.0
다이어트,4.0
다인,2.0
다인데,1.0
다인듯30대,1.0
다정,15.0
다주,1.0
다크,1.0
다크함,1.0
다행,6.0
다혈질,1.0
닥,1.0
닥달하,1.0
닦달,2.0
단,16.0
단가,1.0
단거,1.0
단결,1.0
단계,9.0
단답형,1.0
단답형임,1.0
단둘,6.0
단련,2.0
단말,2.0
단맛,1.0
단바래,1.0
단백,1.0
단백질,2.0
단서,1.0
단속,2.0
단순,6.0
단아,1.0
단어,3.0
단언,1.0
단위,2.0
단절,1.0
단점,22.0
단점임,1.0
단체,4.0
단체생활,1.0
단칸방,1.0
단편적,1.0
단하,2.0
단한번,1.0
달,78.0
달간,2.0
달도,1.0
달동안,2.0
달라이,1.0
달라이친구,1.0
달래,1.0
달리기,3.0
달만,4.0
달성,3.0
달이,2.0
달이상,1.0
달전,4.0
달정도,2.0
달차이,1.0
달콤쌉,1.0
달팽이,1.0
닭,4.0
닭가슴살주문,1.0
닭고기,1.0
닭장,1.0
담,12.0
담날,1.0
담당,1.0
담당자,1.0
담배,21.0
담배안,1.0
담배얘기,1.0
담배타임,2.0
담임,1.0
담임교사,1.0
담자,1.0
담주,4.0
담주중,1.0
담화,1.0
답,55.0
답변,13.0
답시고,1.0
답온,1.0
답임,1.0
답장,51.0
답장나머지,1.0
답장도,1.0
답장텀,1.0
답정,3.0
답지,1.0
당,24.0
당근,1.0
당근마켓,2.0
당뇨,2.0
당분,1.0
당사자,2.0
당사자임,1.0
당선자,1.0
당시,2.0
당신,5.0
당연시,1.0
당연해,1.0
당일,8.0
당일날,2.0
당일약속,1.0
당임,1.0
당장,17.0
당한,1.0
당황,15.0
대,77.0
대가리,9.0
대갈,2.0
대감,1.0
대게,1.0
대공부,1.0
대구,2.0
대구가톨릭대,1.0
대구대,1.0
대기,2.0
대기업,4.0
대기업군,1.0
대기중임,1.0
대꾸,2.0
대나,1.0
대내,1.0
대노,1.0
대다수,3.0
대다수난,1.0
대담,1.0
대답,33.0
대답강요,1.0
대도,2.0
대등,1.0
대등관계,1.0
대로,10.0
대로함,1.0
대리,4.0
대리새끼,1.0
대망,1.0
대면,5.0
대박,1.0
대방,1.0
대부분,28.0
대비,5.0
대사량,1.0
대상,7.0
대생,1.0
대시,2.0
대시해주기,1.0
대식,1.0
대신,15.0
대실망,1.0
대안,1.0
대어,1.0
대업,1.0
대여,1.0
대여섯,1.0
대여섯줄,1.0
대외,2.0
대외적,2.0
대외활동,2.0
대용,1.0
대용음식,1.0
대우,3.0
대응,1.0
대인,2.0
대인관계,2.0
대입,1.0
대장,1.0
대장운동,1.0
대접,1.0
대존잼,1.0
대중,1.0
대중적임,1.0
대지,3.0
대지국밥,1.0
대집,1.0
대채무엇,1.0
대처,3.0
대처법,2.0
대처법이,1.0
대체,8.0
대체당,1.0
대체적,1.0
대체제,1.0
대출,3.0
대충,6.0
대통령,3.0
대표,1.0
대하,1.0
대하드라마,1.0
대학,14.0
대학공뷰,1.0
대학교,5.0
대학교4학년,1.0
대학교친구,1.0
대학생,4.0
대학생때,1.0
대학생임처음,1.0
대학생활,2.0
대학안,1.0
대학원,3.0
대학진학률,1.0
대한,5.0
대한민국,5.0
대함,2.0
대함연락,1.0
대형,2.0
대형마트,1.0
대형면허,1.0
대화,86.0
대화거부,2.0
대화도,4.0
대화방법,1.0
대화불가,1.0
대화시,1.0
대화중,1.0
대활,1.0
대회,1.0
댐,7.0
댓,21.0
댓글,13.0
댓글중,1.0
댕설렌,1.0
더,12.0
더리,1.0
더미,1.0
더빡침겉으,1.0
더쉽,1.0
더위,3.0
덕,4.0
덕담,2.0
덕분,7.0
덜빡치지만ㅈ,1.0
덤,1.0
덥,2.0
덥노,1.0
덩,1.0
덩어리,1.0
덩치,2.0
데,179.0
데대부분,1.0
데로,1.0
데마지막,1.0
데보통,1.0
데스노트,1.0
데이,3.0
데이상,1.0
데이터,2.0
데이트,24.0
데이트때,1.0
데이트전날,1.0
데지금,1.0
데초반,1.0
데카르,1.0
데하프,1.0
덱스,2.0
뎃,1.0
뎈,1.0
도,42.0
도가,1.0
도고,1.0
도구,2.0
도끼눈,1.0
도난,1.0
도달,3.0
도덕적,3.0
도로,7.0
도리아,1.0
도박,3.0
도배,1.0
도보,1.0
도서관,2.0
도시락,1.0
도움,23.0
도움말,1.0
도움주면,1.0
도인,2.0
도자기,1.0
도자기주관,1.0
도전,5.0
도전함확신,1.0
도중,2.0
도착,3.0
도취,2.0
도태,3.0
도태남녀,1.0
도파민,4.0
도파민부족,2.0
도파민중독자,1.0
도피,2.0
도피성,1.0
도피진화심리학파,1.0
도화살,1.0
독,6.0
독기,1.0
독단,1.0
독립,5.0
독립심,1.0
독립운동,1.0
독립운동가,1.0
독립적,2.0
독불장군급,1.0
독서,2.0
독서실,1.0
독선적,2.0
독성,1.0
독실,1.0
독특,2.0
돈,52.0
돈걱정,1.0
돈까스,1.0
돈낭비,2.0
돈내야,1.0
돈안,1.0
돈어,1.0
돈자랑,1.0
돈주,1.0
돈주고,2.0
돌,11.0
돌과,1.0
돌대갈,1.0
돌리네,1.0
돌발,1.0
돌발상황,1.0
돌발적,3.0
돌변,1.0
돌봐주기,1.0
돌이,4.0
돌직구,1.0
돌파,1.0
돌파구조차,1.0
돗자리,1.0
동,11.0
동갑,4.0
동갑내기,2.0
동경,2.0
동궁,1.0
동궁마마,1.0
동기,10.0
동기고,1.0
동기부여,2.0
동네,12.0
동년배,2.0
동료,24.0
동료사이,1.0
동물,3.0
동생,15.0
동생년,1.0
동생임,1.0
동성,14.0
동성애,1.0
동성연애,1.0
동성인,1.0
동성친구,4.0
동시,2.0
동시간대,1.0
동아리,2.0
동안,47.0
동업,1.0
동업때문,1.0
동요,2.0
동의,7.0
동의하면,1.0
동일,3.0
동자,1.0
동정,1.0
동정심,2.0
동정여론,1.0
동조,3.0
동족,6.0
동족혐오,1.0
동주,1.0
동질,2.0
동질감,1.0
동창,3.0
동창친구,1.0
동태,1.0
동태눈깔,1.0
동해,1.0
동해선,1.0
돼지,2.0
돼지기름,1.0
됏,1.0
됏지,1.0
되겠,1.0
되겠읍,1.0
되노,1.0
되질,1.0
되풀이,2.0
될랑,1.0
됫엇음그래,1.0
됬,1.0
두,1.0
두가,1.0
두가지로,1.0
두개,2.0
두개로,1.0
두고,5.0
두고두고,1.0
두뇌,1.0
두뇌망상,1.0
두려움,4.0
두루마리,1.0
두룻두룻,2.0
두면,3.0
두유,2.0
두절,4.0
둔적,1.0
둘,75.0
둘다,1.0
둘레,1.0
둘레길,1.0
둘모두,1.0
둘중,3.0
둘째,1.0
둣,1.0
둣암,1.0
둥,2.0
둿,1.0
뒤,53.0
뒤끝,3.0
뒤늦게,1.0
뒤운동,1.0
뒤지,1.0
뒤지겠노,1.0
뒤카톡,1.0
뒷,2.0
뒷감당,1.0
뒷끝,1.0
뒷담,9.0
뒷담화,1.0
뒷모습,1.0
뒷목,1.0
뒷받침,1.0
뒷사람,1.0
뒷수습,1.0
뒷전,2.0
뒷통수,1.0
듀티,1.0
드라마,6.0
드라이,2.0
드라이브,2.0
드라이안,1.0
드리고,1.0
드립,7.0
득,4.0
득실,1.0
득실득실,1.0
득어,1.0
득점,1.0
듣개좋,1.0
듣기,4.0
듣노,4.0
듣또,1.0
듣일,1.0
들,32.0
들보,1.0
듦노,1.0
듦노잼,1.0
듯,160.0
듯ㅇㅇ,2.0
듯거만,1.0
듯결국,1.0
듯당황,1.0
듯동성,1.0
듯똥,1.0
듯매력1,1.0
듯배우자,1.0
듯사실,1.0
듯이,9.0
듯이대안,1.0
듯이래,1.0
듯이이줄따라,1.0
듯인복,1.0
듯입사,1.0
듯잇티제였을때,1.0
듯자신,1.0
듯장점,1.0
등,31.0
등급,1.0
등내생각,1.0
등등,25.0
등등4,1.0
등등뉴스,1.0
등등등등등,1.0
등등신경,1.0
등록금,1.0
등반,1.0
등받이,1.0
등받이쿠션,1.0
등산,5.0
등산로,1.0
등신,2.0
등엔티제,1.0
등장인물,1.0
등재,1.0
듸ㅣ,1.0
디,26.0
디스트,1.0
디시,3.0
디씨,3.0
디엠,4.0
디자인,1.0
디테일,1.0
디폴트,5.0
디폴트값,1.0
딥,1.0
딥러닝,1.0
딩,9.0
따리,1.0
따위,7.0
따지기,3.0
딱이,5.0
딲딲,1.0
딴,3.0
딴사람,2.0
딴소리,2.0
딸,11.0
딸감,1.0
딸기,1.0
딸기우유,1.0
딸딸이,2.0
딸배질,1.0
딸잽,1.0
딸통도,1.0
땀,3.0
땀냄새,1.0
땃,1.0
땅콩,1.0
때,500.0
때3,1.0
때결론,1.0
때막말,1.0
때매,2.0
때메,1.0
때문,71.0
때문애,1.0
때애,1.0
때여유,1.0
때임,1.0
때쯤,1.0
때처음,1.0
때최대,1.0
때텐션,1.0
때확신,1.0
땜,7.0
떄,5.0
떠냐,3.0
떡,3.0
떡국,1.0
떡만둣국,1.0
떡밥,1.0
떡상각,1.0
떳,1.0
떳노,1.0
떼,2.0
떼거지,1.0
또라이,3.0
또래,3.0
똘기,1.0
똥,12.0
똥고집,1.0
똥글,5.0
똥글이,1.0
똥꼬,1.0
똥꼬집,1.0
똥통,1.0
뚜렸해,1.0
뚝딱이는엣티제,1.0
뜨뜬,1.0
뜨뜬미지근해,1.0
뜩,1.0
뜬구름,1.0
뜬금,2.0
뜸,2.0
뜻,15.0
뜻임,1.0
뜻임가족,1.0
띄우기,1.0
띄움,1.0
띠,3.0
띠겁것,1.0
띠동갑,1.0
라,111.0
라1천,1.0
라가,1.0
라니,3.0
라니스,1.0
라니스터,1.0
라다,1.0
라도,22.0
라도남자,1.0
라도인은,1.0
라라락,1.0
라락,1.0
라마,1.0
라면,10.0
라면국물,1.0
라면안,1.0
라명,1.0
라명문대,1.0
라반면,1.0
라벨,2.0
라보고,1.0
라사람,1.0
라스베거스,1.0
라식,1.0
라온,1.0
라이,4.0
라이건,1.0
라이딩,1.0
라이미,2.0
라이브,1.0
라이크,1.0
라이터,1.0
라이트,2.0
라이팅,17.0
라인,3.0
라지,1.0
락,8.0
랄,8.0
랄랄,2.0
랄랄라,2.0
래,1.0
래디,1.0
랜,3.0
랜덤,1.0
랜선,1.0
랜선연애중,1.0
랫,2.0
랫글,1.0
랬,7.0
러,27.0
러닝,2.0
러브,1.0
러임,1.0
러지,1.0
러프,1.0
럭,3.0
럭시,2.0
럭키,1.0
런,4.0
럼,8.0
럽,1.0
렀,1.0
레,11.0
레깅스,1.0
레드,1.0
레드필,1.0
레벨,1.0
레슨,1.0
레알,2.0
레인지,1.0
레터,1.0
레터링,1.0
레터링케이크,1.0
렉,2.0
렌지,1.0
려해,1.0
련들,4.0
련아,1.0
련지,1.0
렵,2.0
렵노,1.0
렸,1.0
렸노,1.0
렸놐,1.0
로,14.0
로그,4.0
로그아웃,2.0
로그인,1.0
로드,2.0
로만,1.0
로만할거면,1.0
로맨스,2.0
로맨틱,1.0
로보트,1.0
로봇,11.0
로봇이어도,1.0
로비,1.0
로션,1.0
로이,1.0
록,1.0
론,1.0
롤,5.0
롤러,1.0
롤러코스터,1.0
롤코,1.0
롬,2.0
롭게,1.0
롱,2.0
롱디,1.0
롱디해,1.0
료카,1.0
루,2.0
루가,1.0
루머,1.0
루스,1.0
루트,2.0
루틴,13.0
루틴식,1.0
루틴충,1.0
룰,6.0
룰렛,1.0
룰려,1.0
룰룰,2.0
류,7.0
르,10.0
르겠,2.0
르시스즘,1.0
르시즘,1.0
륵,1.0
름,1.0
릉,1.0
리,13.0
리더,7.0
리더격,1.0
리더쉽,1.0
리더십,1.0
리드,7.0
리드형,1.0
리듬,1.0
리밋,1.0
리버럴,1.0
리셋,1.0
리셋증후군,1.0
리스,3.0
리스크,2.0
리스트,3.0
리스펙,2.0
리액션,17.0
리젠,1.0
리치,1.0
리프트,1.0
릭,3.0
린,1.0
린지,1.0
릴,3.0
릴랙스,1.0
릴스,1.0
림,4.0
립,3.0
립밤,1.0
립스틱,1.0
링,5.0
링크,2.0
마,26.0
마감,1.0
마개,1.0
마그네슘,1.0
마녀,2.0
마녀사냥,2.0
마니,4.0
마니함,1.0
마니햇는데댓글,1.0
마디,5.0
마라,26.0
마라맘고생,1.0
마라엣티제,1.0
마라진실,2.0
마라톤,1.0
마련,2.0
마련인데잇팁,1.0
마렵,3.0
마르,2.0
마르노,1.0
마르지도,1.0
마름,1.0
마마,1.0
마무리,8.0
마비,1.0
마사,1.0
마상,1.0
마성,1.0
마세,3.0
마셈,2.0
마소,1.0
마스크,1.0
마심,3.0
마심중독,1.0
마약,2.0
마으,1.0
마을,3.0
마음,132.0
마음가짐,3.0
마음먹음,1.0
마음속,3.0
마음정리,2.0
마음표시,1.0
마이,3.0
마이너,4.0
마이어스,1.0
마이오,1.0
마이오농,1.0
마이웨이,1.0
마이웨이4,1.0
마인드,11.0
마인드라,1.0
마인드셋,1.0
마인드컨트롤,2.0
마조,2.0
마조히스트,2.0
마조히스트느낌,1.0
마중,1.0
마지막,21.0
마찬가지,5.0
마찬가지돈,1.0
마찬가지지,1.0
마찰,1.0
마카롱,3.0
마케팅,1.0
마켓,2.0
마키마,1.0
마트,5.0
막,3.0
막20,1.0
막대,1.0
막말,3.0
막심,1.0
막하,1.0
막하누,1.0
만,56.0
만19살,1.0
만기,2.0
만난,10.0
만남,35.0
만남3,1.0
만남그때,1.0
만남때,1.0
만남우리집,1.0
만남잇티제가,1.0
만남초반,1.0
만남후,1.0
만냐냐,1.0
만담,1.0
만두,1.0
만둣국,1.0
만듬,2.0
만성,2.0
만성피로,2.0
만세,1.0
만약,15.0
만연,1.0
만원,3.0
만이,3.0
만점,1.0
만족,11.0
만족도,1.0
만추,1.0
만취,1.0
만큼,45.0
만큼속,1.0
만화,4.0
만화가,1.0
만화방,1.0
만회,1.0
많노,2.0
많달,1.0
많드,1.0
많으,5.0
많으면베이스,1.0
많은데잇티제,1.0
말,320.0
말ㅈ,1.0
말거,1.0
말과,1.0
말기,1.0
말꼬리,2.0
말대꾸,1.0
말대꾸룰,1.0
말딸,1.0
말래왜냐,1.0
말랭이,1.0
말로,7.0
말로안,1.0
말못,1.0
말문,1.0
말보,2.0
말보르,1.0
말복,4.0
말빨,1.0
말수,2.0
말실수,3.0
말싸움,1.0
말씀,3.0
말씀안,1.0
말안,3.0
말안해줌,1.0
말야,1.0
말음,1.0
말일,2.0
말임,1.0
말자,4.0
말자꿈얘기,1.0
말주변,1.0
말투,38.0
말하기,5.0
말하기전,1.0
말하않,1.0
말해,6.0
말했는데엣티남,1.0
맘,49.0
맘마,2.0
맘마맘마,2.0
맘정리,2.0
맛,13.0
맛깔,1.0
맛집,2.0
망,10.0
망고,1.0
망나니,2.0
망상,13.0
망상임,1.0
망설임,1.0
망언,1.0
맞으래,1.0
맞장구,1.0
맞춤,1.0
맞춤법,1.0
매,13.0
매가,1.0
매너,5.0
매너리즘,1.0
매너없으,1.0
매뉴얼,1.0
매도,1.0
매력,25.0
매력느낌,1.0
매력어필,1.0
매력적,10.0
매력적이어도엠비,1.0
매력지수,1.0
매매,1.0
매몰,1.0
매사,2.0
매서,1.0
매운,1.0
매일,5.0
매장,4.0
매직,1.0
매직달리기,1.0
매터진년,1.0
매해,1.0
맥,2.0
맥락,4.0
맥주,4.0
맥주한잔,1.0
맨,2.0
맴,1.0
맺어,1.0
먕,1.0
머,5.0
머니,2.0
머리,40.0
머리끝,1.0
머리속,4.0
머리카락,1.0
머리크기,2.0
머릿속,1.0
머스크,1.0
머저리,1.0
먹,3.0
먹음,2.0
먹임,1.0
먹임아이스크림,1.0
먹자,10.0
먹지,2.0
먹지마라,1.0
먹칠,1.0
먼저,1.0
멀티,2.0
멍,3.0
멍청도,1.0
메,4.0
메가,1.0
메가커피,1.0
메뉴,5.0
메뉴얼,1.0
메모,1.0
메모장,1.0
메시지,1.0
메신저,3.0
메이,1.0
메이스,1.0
메이스벨,1.0
메이저,1.0
메이플,1.0
메인,1.0
메일,2.0
메탈,1.0
멘트,3.0
멜로디,2.0
며느리,1.0
며칠,16.0
며칠간,1.0
며칠동안,1.0
며칠뒤,1.0
며칠전,1.0
멱,1.0
멱살,1.0
면,38.0
면담,1.0
면대,1.0
면도,4.0
면모,5.0
면봉,1.0
면상,2.0
면역,2.0
면역력,1.0
면전,1.0
면접,1.0
면제,2.0
면허,1.0
멸망,1.0
멸망편,1.0
명,45.0
명3,1.0
명4,1.0
명곡,1.0
명도,1.0
명랑,1.0
명령,1.0
명령형,1.0
명문,1.0
명문대,5.0
명분량,1.0
명상,1.0
명시,1.0
명예,2.0
명의,1.0
명이,6.0
명임,1.0
명장면,2.0
명절,1.0
명제,1.0
명주실,1.0
명품,1.0
몇,2.0
모,26.0
모기,1.0
모니터,1.0
모니터암,1.0
모닝,1.0
모델,4.0
모델링,1.0
모두,8.0
모드,2.0
모든,10.0
모든걸,1.0
모든사람,1.0
모랑,2.0
모르겜ㅅ,1.0
모르겠,1.0
모르겠노,1.0
모르심,1.0
모름,6.0
모름누,1.0
모름정작,1.0
모름진짜,1.0
모리,2.0
모면,2.0
모바일,2.0
모바일게임,1.0
모바일게임초대,1.0
모범생,4.0
모색,1.0
모솔,7.0
모솔기간,1.0
모솔이래,1.0
모솔임,2.0
모습,33.0
모습손해,1.0
모습임,1.0
모습정도,1.0
모습처음,1.0
모습항,1.0
모욕,5.0
모우,2.0
모유,1.0
모음,1.0
모임,19.0
모임술,1.0
모자,1.0
모종,1.0
모지,1.0
모집,2.0
모친,1.0
모텔,1.0
모티콘,1.0
모포,1.0
모포비아,1.0
모함,1.0
목,11.0
목걸이,1.0
목격,1.0
목공,1.0
목구멍,1.0
목돈,1.0
목록,6.0
목발,1.0
목살,1.0
목소리,1.0
목숨,3.0
목요일,5.0
목요일날,1.0
목욕탕,2.0
목적,6.0
목적성,1.0
목질,2.0
목포,1.0
목표,20.0
목표라,1.0
목표래,1.0
목표의식,2.0
목표임,1.0
목표치,1.0
몫,2.0
몬트,1.0
몰,2.0
몰겟,1.0
몰겟노,1.0
몰두,2.0
몰입,9.0
몸,40.0
몸관리,1.0
몸매,4.0
몸무게,3.0
몸살,1.0
몸상태,1.0
몸평,1.0
못,26.0
못만나봐,1.0
못봣거,1.0
몽골,1.0
몽둥이,1.0
묘,1.0
묘사,1.0
무,19.0
무ㅜ,1.0
무ㅠ,2.0
무겁,1.0
무계획,3.0
무계획임항,1.0
무관심,6.0
무급,1.0
무급노예,1.0
무기,1.0
무기력,3.0
무능,6.0
무능력,1.0
무단,1.0
무단투기라,1.0
무도,1.0
무드,1.0
무례,1.0
무료,1.0
무료검사,1.0
무리,13.0
무리임,2.0
무말랭이,1.0
무모,1.0
무모한,1.0
무미,1.0
무미건조,1.0
무분별,1.0
무사,1.0
무사복귀완료,1.0
무상,1.0
무새,1.0
무서움,3.0
무소식,1.0
무슨,1.0
무시,20.0
무시안,1.0
무식,2.0
무심,1.0
무심결,1.0
무쌍,2.0
무안,2.0
무야,1.0
무언,1.0
무언가,6.0
무엇,75.0
무의미,1.0
무의미하다,1.0
무의식,2.0
무임승차,1.0
무작정,1.0
무적,1.0
무정부주의,1.0
무제,1.0
무조건,3.0
무지,6.0
무지개,1.0
무지개다리,1.0
무책임,1.0
무침,1.0
무표정,4.0
무한,2.0
무한진자운동,1.0
무해,3.0
무현,1.0
무호흡,1.0
묵,3.0
묵노,1.0
묵묵부답,1.0
문,14.0
문ㅡ,1.0
문과,3.0
문과계열,1.0
문과머리,1.0
문구,2.0
문맥,1.0
문맥상,1.0
문명,2.0
문상,1.0
문신,4.0
문신ㄴ,1.0
문신말,1.0
문외한,1.0
문의,5.0
문자,11.0
문장,3.0
문재,1.0
문제,37.0
문제옴,1.0
문제점,1.0
문제지,2.0
문젠가,1.0
문항,1.0
문화,5.0
문화컨텐츠,1.0
물,8.0
물가,4.0
물가상승률,1.0
물건,13.0
물건관리,1.0
물건있음,1.0
물고기,2.0
물고기임,1.0
물길,1.0
물론,5.0
물리,1.0
물리적,2.0
물맛,1.0
물방울,1.0
물불안,1.0
물음,1.0
물음표,7.0
물음표라,1.0
물음표살인마,1.0
물이,1.0
물질,1.0
물질적,2.0
물집,2.0
물타기,1.0
뭐,231.0
뭐람,2.0
뭣,2.0
뮌,2.0
뮤,2.0
뮤ㅓ,1.0
뮬,1.0
믄,1.0
미,31.0
미가,1.0
미개,1.0
미니,2.0
미니케이크,1.0
미달,1.0
미디,1.0
미라,1.0
미래,17.0
미래가치,1.0
미래계획,1.0
미련,12.0
미련때문,1.0
미만,1.0
미명문출신,1.0
미모,1.0
미성숙,1.0
미세,1.0
미소,1.0
미술,1.0
미술관,1.0
미술쪽,1.0
미스,1.0
미스코리아,1.0
미시,1.0
미시발,1.0
미안,38.0
미안하다,20.0
미안하드라,1.0
미용실,1.0
미인,1.0
미자,1.0
미적,1.0
미지,1.0
미친놈,2.0
미친놈ㅇ라,1.0
미친척,1.0
미터,1.0
미터이내,1.0
미혼,2.0
미혼남자,1.0
미혼남자177,1.0
민,10.0
민국,5.0
민사,1.0
민사고,1.0
민원,3.0
민원인,1.0
민원처리,1.0
민인,1.0
민주당,1.0
민중,1.0
민폐,1.0
믾,1.0
믿음,2.0
밀,6.0
밀가루,1.0
밀당,1.0
밀도,1.0
밀어낼려,1.0
밈,4.0
밋,5.0
밌,3.0
밌으,1.0
밑,13.0
밑바닥,1.0
밑밥,1.0
밑살,1.0
밑지방,1.0
바,63.0
바게트,1.0
바깥,1.0
바깥바람,1.0
바나나캣,1.0
바다,1.0
바닥,3.0
바디,1.0
바라,1.0
바라기,2.0
바라지,1.0
바람,15.0
바람기,1.0
바람끼,2.0
바래요진심으,1.0
바리,1.0
바리깡남,1.0
바보,4.0
바사,1.0
바운,22.0
바운더,3.0
바운더리,2.0
바이블,1.0
바이크,4.0
바지,3.0
바지끄렁,1.0
바카나,1.0
바퀴,4.0
바퀴벌레,3.0
바탕,2.0
박,14.0
박격포,1.0
박력,1.0
박명수,1.0
박보영,1.0
박봉,1.0
박사,3.0
박스,1.0
박스속,1.0
박시,1.0
박약,1.0
박지,1.0
박탈감,2.0
박힘,1.0
밖,42.0
반,21.0
반가,1.0
반가웡,1.0
반감,1.0
반강압적,1.0
반거,1.0
반경,1.0
반기,1.0
반년,1.0
반년정,1.0
반대,27.0
반대라,1.0
반대여,1.0
반도,1.0
반동,1.0
반동안,2.0
반말,3.0
반면,5.0
반면교사,1.0
반박,17.0
반박문,1.0
반박불가,2.0
반박시,1.0
반박안,2.0
반박의견,1.0
반반,5.0
반반인,1.0
반발,1.0
반병신,1.0
반복,15.0
반복2,1.0
반복배짱,1.0
반복사용4,2.0
반복임,1.0
반복중,1.0
반사,1.0
반성,4.0
반성안,1.0
반응,30.0
반이,2.0
반인,1.0
반전,2.0
반주,1.0
반주한잔,1.0
반증,1.0
반쯤,2.0
반찬,2.0
반찬양배추,1.0
반창고,1.0
반토막남ㅅ,1.0
반팔,1.0
반항,2.0
반화,1.0
받앗,1.0
발,63.0
발가락,1.0
발견,3.0
발끝,1.0
발달,1.0
발동,1.0
발련,1.0
발령,2.0
발명,1.0
발바닥,1.0
발사이즈,1.0
발산,1.0
발새,1.0
발생,3.0
발씨,1.0
발언,6.0
발언기회,1.0
발인,1.0
발자국,1.0
발작,6.0
발전,17.0
발전가능성,1.0
발전적,2.0
발정,2.0
발진,6.0
발치,1.0
발품,1.0
발현,4.0
발휘,1.0
밤,21.0
밤11시,1.0
밤9시,1.0
밤새,3.0
밥,69.0
밥값,3.0
밥그릇,1.0
밥먹자,4.0
밥먹자하면,2.0
밥모,1.0
밥벌이,2.0
밥사준거,1.0
밥솥,1.0
밥솥한번,1.0
밥으러갈때빼,1.0
밥이익,1.0
방,24.0
방거리,1.0
방구,2.0
방구석,2.0
방금,1.0
방면,1.0
방바닥,1.0
방바닥탈출,1.0
방법,23.0
방송,3.0
방송예술,1.0
방식,16.0
방안,5.0
방안1,1.0
방어,3.0
방어기제,1.0
방어본능,2.0
방언,1.0
방역,1.0
방음벽,1.0
방치,3.0
방치하다,1.0
방토,1.0
방패,1.0
방패삼겠노,1.0
방학,2.0
방해,9.0
방해금지모드,1.0
방해되노,1.0
방해안해,1.0
방향,6.0
방향성,1.0
밭,1.0
밯,1.0
배,16.0
배경,1.0
배경화면,1.0
배고픔,2.0
배꼽,1.0
배낭,1.0
배낭여행,1.0
배달,4.0
배달음식,2.0
배려,24.0
배불,3.0
배불루,1.0
배빵,2.0
배속,1.0
배수준,1.0
배우,3.0
배우기,1.0
배우자,2.0
배제,1.0
배질,1.0
배짱,1.0
배추,2.0
배탈,3.0
배탈출바알,1.0
배터리,3.0
배틀,1.0
백,13.0
백개,1.0
백곱,1.0
백넘버,1.0
백단,2.0
백단임,1.0
백만,2.0
백만분,1.0
백만원,1.0
백수,1.0
백신,1.0
백억,1.0
백은,1.0
백인,1.0
백종원이,1.0
백질,1.0
백화점,2.0
밴,1.0
밴드,1.0
밷,1.0
밸런스,2.0
뱀,1.0
뱀꼬리,1.0
뱉어,2.0
뱉어버려,1.0
버러,1.0
버러지,2.0
버루토그라,2.0
버릇,1.0
버리,2.0
버리노,1.0
버버,3.0
버버버,1.0
버스,5.0
버스킹,1.0
버어,1.0
버자,1.0
버전,1.0
버튜버,1.0
버튼,6.0
버튼임,1.0
버프,1.0
번,133.0
번보고,1.0
번사실,1.0
번식,1.0
번아웃,8.0
번역,1.0
번역기,1.0
번은,3.0
번이여야지,1.0
번정도,1.0
번째,14.0
번하면,1.0
번호,9.0
번화가,1.0
벌,2.0
벌금,1.0
벌레,8.0
벌이,1.0
벌크,1.0
벌크업,1.0
범,1.0
범위,2.0
범인,1.0
범죄,2.0
범죄자,2.0
범주,4.0
범주안,2.0
법,31.0
법이,1.0
법적,1.0
법정,1.0
법쪽,1.0
벙,1.0
베,2.0
베란다,1.0
베리,1.0
베스트,2.0
베이,1.0
베이스,1.0
베이스5,1.0
베이킹,1.0
베팅,1.0
베팅장,1.0
벨,2.0
벨런,1.0
벨리,1.0
벨리펀치,1.0
벼,1.0
벼락,1.0
벼랑,1.0
벼랑끝,1.0
벽,9.0
벽람같,1.0
벽지,1.0
변,6.0
변경,2.0
변기,1.0
변덕,2.0
변명,3.0
변수,3.0
변질,1.0
변태,4.0
변호,1.0
변호사,3.0
변화,5.0
변화해보,1.0
별,40.0
별개,3.0
별거,2.0
별건,1.0
별것,2.0
별도,1.0
별보,1.0
별신경,1.0
별신경안,1.0
병,9.0
병명,1.0
병싄,1.0
병신,42.0
병신개소리임,1.0
병신년,1.0
병신새기도,1.0
병신새끼,2.0
병신임,1.0
병신짓,1.0
병원,4.0
병원가기전,1.0
병원비,1.0
병자,1.0
병장,2.0
병적,1.0
병행,1.0
보,9.0
보고,31.0
보고사회봉사활동,1.0
보고청년모임,1.0
보고하래,1.0
보군,1.0
보기,12.0
보기싫으,1.0
보너스,1.0
보노,1.0
보눈,1.0
보는거잖,1.0
보더,1.0
보드,2.0
보라,3.0
보라자유,1.0
보람,1.0
보루,3.0
보루토,3.0
보상,1.0
보새끼,1.0
보셈,2.0
보셈일단,1.0
보소,1.0
보수,2.0
보수임,1.0
보수적,5.0
보신,1.0
보여,1.0
보엿,1.0
보영,1.0
보완,3.0
보유,1.0
보은,1.0
보이,1.0
보이고얘네,1.0
보이는거잖,1.0
보이잖,1.0
보일,1.0
보임,14.0
보임3,1.0
보임ㅇㅇ,1.0
보임엣티,1.0
보자,1.0
보장,1.0
보정,1.0
보조,2.0
보조배터리,2.0
보지,6.0
보지말기,1.0
보직,2.0
보통,27.0
보통우,1.0
보편적,1.0
보해,1.0
보행,1.0
보험,1.0
복,1.0
복구,1.0
복구가능,1.0
복귀,2.0
복귀해,1.0
복날,1.0
복무,1.0
복붙하,1.0
복수,3.0
복용,2.0
복잡,1.0
복적,1.0
복제,1.0
복직,1.0
복학생,1.0
볶음밥,1.0
본,8.0
본가,1.0
본거,4.0
본거뿐,1.0
본건,4.0
본건가,1.0
본격적,2.0
본능,2.0
본능적,3.0
본대,1.0
본대사람,1.0
본데,1.0
본래,4.0
본래성격,1.0
본론,2.0
본문,1.0
본사,1.0
본성,5.0
본성격,1.0
본업,1.0
본연,1.0
본위,1.0
본의,1.0
본인,117.0
본인감정,1.0
본인만큼,1.0
본인집,1.0
본인피셜,1.0
본입,1.0
본적,21.0
본지,2.0
본질,7.0
볼,4.0
볼링,1.0
봄,65.0
봄1,1.0
봄12,1.0
봄2,1.0
봄8,1.0
봄반전,1.0
봄약간,1.0
봄최근,1.0
봄최애,1.0
봄틀내,1.0
봄펜션,1.0
봉,3.0
봉사,5.0
봉사활동,3.0
봉황,1.0
봐야,1.0
봣,3.0
부,14.0
부가,2.0
부가적인,1.0
부각,1.0
부거,2.0
부기능,1.0
부끄럼,2.0
부끄럼쟁,1.0
부단,1.0
부담,23.0
부대,1.0
부동산,3.0
부랄,1.0
부러웠음,1.0
부럽노,1.0
부류,16.0
부류라,1.0
부류사람,1.0
부류임,2.0
부리,1.0
부모,17.0
부모님,18.0
부모조차,1.0
부모중,1.0
부문,1.0
부분,52.0
부분도,1.0
부사,1.0
부사수기,1.0
부산,1.0
부산엑스포,1.0
부서,8.0
부서라,1.0
부서장,2.0
부서장급,1.0
부신,1.0
부심,2.0
부업,2.0
부여,7.0
부유,1.0
부유하다,1.0
부자,5.0
부장,1.0
부적응,1.0
부정적,6.0
부정적반응,1.0
부정형,1.0
부족,23.0
부족하대,1.0
부지런,5.0
부처,1.0
부처님,1.0
부추,2.0
부추전,1.0
부친,1.0
부탁,18.0
부턴지작년,1.0
부품,1.0
부하,2.0
부학생회장,1.0
부합,2.0
부활,1.0
북,2.0
북기,1.0
분,83.0
분간,1.0
분기,1.0
분내,1.0
분노,4.0
분노게이지,1.0
분노페이즈,1.0
분량,1.0
분류,1.0
분리,1.0
분리독립,1.0
분만,1.0
분명,5.0
분모,2.0
분석,12.0
분수,2.0
분수게이,1.0
분수령,1.0
분아래,1.0
분야,11.0
분열,1.0
분위기,27.0
분위기임,1.0
분임,2.0
분쟁,3.0
분조장,2.0
분주,1.0
분출,1.0
분탕,1.0
분포,1.0
분포도,1.0
분한,1.0
불,15.0
불가,6.0
불가능,8.0
불가항력,2.0
불건강,9.0
불건전,1.0
불과,1.0
불규칙,1.0
불균형,1.0
불꽃,1.0
불닭게티,1.0
불도저,8.0
불량,1.0
불륜,2.0
불리,3.0
불만,8.0
불면증,1.0
불문,1.0
불법,2.0
불안,14.0
불안감,1.0
불안불안,1.0
불안정,1.0
불안형,1.0
불알,3.0
불알친구,1.0
불완전,1.0
불완전하다,1.0
불우,2.0
불이,1.0
불이기주,1.0
불이익,2.0
불일치,1.0
불지,1.0
불지옥,1.0
불치병,1.0
불쾌,3.0
불쾌감,1.0
불편,18.0
불평,1.0
불평등,1.0
불행,1.0
불허,1.0
불호,3.0
붐,1.0
붕괴,1.0
뷔페,1.0
뷰,1.0
븅,1.0
븅신,1.0
브랜드,1.0
브레드,1.0
브레이크,2.0
브레인,2.0
브레인스토밍,1.0
브레인파워연구소장,1.0
브릭스,1.0
블라인드,1.0
블랙,2.0
블랙코미디,1.0
블루아,1.0
블루아카,1.0
비,36.0
비가,1.0
비결,1.0
비공,1.0
비공개,1.0
비관적,1.0
비교,13.0
비구니,1.0
비굴,1.0
비난,2.0
비냉이래,1.0
비누,1.0
비누향,1.0
비대,2.0
비도,1.0
비도덕,1.0
비만,3.0
비밀,4.0
비밀글,1.0
비상,1.0
비생산,1.0
비서,1.0
비서임,1.0
비아,1.0
비아냥,1.0
비연,1.0
비연ㅣ애,1.0
비오,1.0
비용,1.0
비웃음,1.0
비위,1.0
비율,16.0
비인간,1.0
비자,1.0
비전,3.0
비즈,1.0
비즈니스,15.0
비즈니스매너,1.0
비즈니스상대,3.0
비지니스,1.0
비추,4.0
비키니,1.0
비키니걸,1.0
비타민,1.0
비판,3.0
비하,3.0
비행기,1.0
비현,1.0
비현실적,1.0
비호,2.0
비혼,1.0
비혼주의,1.0
비효율,3.0
빅,2.0
빅데이터,1.0
빅클럽,1.0
빈대,1.0
빈도,4.0
빈도수,1.0
빈말,13.0
빈말안,1.0
빈말임,1.0
빈손,1.0
빈틈,1.0
빗,1.0
빗대어,1.0
빗물,1.0
빙수,2.0
빙수집,1.0
빚,2.0
빛,1.0
빠꾸,4.0
빠노,6.0
빠노내가,1.0
빠따,1.0
빠빠,2.0
빠빡,1.0
빠이빠,1.0
빠이빠이항,1.0
빡,27.0
빡대가리,1.0
빡대갈ㅂㅅ,1.0
빡스,1.0
빡쳐,1.0
빡쳣다,1.0
빡치,1.0
빡치다가,1.0
빡칠려,1.0
빡침,6.0
빤쓰,1.0
빤쓰런,1.0
빨,1.0
빨강,1.0
빨대,3.0
빨래,7.0
빰몸,1.0
빱빠,1.0
빳,1.0
빳음지금,1.0
빵,13.0
빵딩,1.0
빵물가,1.0
빵언니,2.0
빼박이,1.0
빼박이래,1.0
뺏어,1.0
뺴놓,1.0
뻔,6.0
뻔한번,1.0
뻥,1.0
뻥카,1.0
뽀뽀,3.0
뽑응것,1.0
뽕,2.0
뿐,27.0
뿐마지막,1.0
뿐이지만잇티제들,1.0
뿐임,1.0
쁘,1.0
쁘겐,1.0
쁘겐생각,1.0
삐,4.0
삐지면,1.0
삐짐,2.0
삐짐본인,1.0
사,31.0
사가게,1.0
사각,1.0
사각지대,1.0
사갈,1.0
사건,12.0
사고,22.0
사고결,2.0
사고력,1.0
사고방식,5.0
사고집,1.0
사고회로,1.0
사과,23.0
사과따위,1.0
사과와,1.0
사과함,1.0
사관,1.0
사교,1.0
사교모임,1.0
사교성,7.0
사교적,1.0
사기,2.0
사내,6.0
사내연애,5.0
사내연애중인,1.0
사냥,2.0
사담,1.0
사대부,1.0
사도,1.0
사드리고나도,1.0
사디,1.0
사디스트,1.0
사라지,1.0
사람,535.0
사람2,2.0
사람3,1.0
사람4,1.0
사람5,1.0
사람간,1.0
사람관계,1.0
사람긍정적,1.0
사람내,1.0
사람대충,1.0
사람새끼,1.0
사람어,1.0
사람운동,1.0
사람임,3.0
사람임성격,1.0
사람자체,1.0
사람중,1.0
사람취급5,2.0
사람탈모약,1.0
사람파악,1.0
사람회피,1.0
사랑,70.0
사랑과,2.0
사랑꾼,3.0
사랑이,1.0
사랑일,3.0
사랑주고,1.0
사랑추구,1.0
사례,3.0
사립대,1.0
사면,1.0
사모임,1.0
사무,1.0
사무관,2.0
사무실,1.0
사무적,2.0
사물,1.0
사미,2.0
사바,6.0
사바사,1.0
사바사이,1.0
사본1,1.0
사본2,1.0
사본3,1.0
사본4,1.0
사본5,1.0
사본6,1.0
사본7,1.0
사본8,1.0
사본9,1.0
사비,1.0
사빠,2.0
사상,3.0
사서,2.0
사소,3.0
사수,1.0
사순,1.0
사스,2.0
사슴,1.0
사식,2.0
사신,1.0
사실,49.0
사실관계,1.0
사실상,2.0
사실임,4.0
사실적,1.0
사업,15.0
사업가,4.0
사업부서,1.0
사업얘기,1.0
사업파트너,1.0
사연,1.0
사요,1.0
사요나라,1.0
사용,7.0
사우디,2.0
사원,2.0
사유,4.0
사이,70.0
사이다,1.0
사이렌,1.0
사이로,1.0
사이여,3.0
사이인지,1.0
사이임,2.0
사이즈,1.0
사이트,2.0
사인,1.0
사인건,1.0
사장,4.0
사장님,2.0
사장때매,1.0
사적,12.0
사적인건,1.0
사정,9.0
사정때매,1.0
사족,1.0
사주,4.0
사주믿음,1.0
사주팔자,1.0
사지,1.0
사진,22.0
사진첨부,2.0
사춘기,1.0
사치,3.0
사친,19.0
사탐,1.0
사함,1.0
사항,3.0
사회,26.0
사회생활,16.0
사회생활팁,1.0
사회성,22.0
사회성결여,1.0
사회악,1.0
사회악임엔프피,1.0
사회운동,1.0
사회적,12.0
사회적지위,1.0
사회현상,1.0
사회화,8.0
삭발,1.0
삭제,7.0
삭제안댐,1.0
산,7.0
산과,1.0
산다,1.0
산더미,2.0
산발,1.0
산발버리,1.0
산업,1.0
산책,7.0
산책로,1.0
살,53.0
살길,1.0
살냄새,1.0
살림,1.0
살만,1.0
살에,1.0
살이,6.0
살이찜식이섬유,1.0
살인,4.0
살인마,1.0
살인충동,1.0
삶,26.0
삶상대방,1.0
삶이,2.0
삼,4.0
삼겠,1.0
삼겹살,3.0
삼국지,1.0
삼성,1.0
삼수,1.0
삼시,1.0
삼시세끼,1.0
삼천,1.0
삼천리,1.0
삼천리자전거,1.0
삼프터,1.0
삿,1.0
상,23.0
상가,1.0
상각,1.0
상경하,1.0
상과,1.0
상관,11.0
상관ㄴ,1.0
상관없으,1.0
상극,2.0
상기,1.0
상남자,3.0
상담,14.0
상당,1.0
상대,98.0
상대남자,2.0
상대도,2.0
상대마음,1.0
상대방,58.0
상대방앞,1.0
상대보고,1.0
상대적,5.0
상보,1.0
상보수지,1.0
상사,21.0
상사비,1.0
상사비위,1.0
상상,16.0
상상하나,1.0
상상함누,1.0
상생,1.0
상습,1.0
상습배탈,1.0
상승,3.0
상승률,1.0
상승장과,1.0
상식,4.0
상실,1.0
상연,1.0
상영,1.0
상위,1.0
상위권,1.0
상임,7.0
상자,1.0
상장,1.0
상정,1.0
상주,1.0
상처,29.0
상처안주고,1.0
상처주고,1.0
상체,1.0
상체충,1.0
상추,2.0
상태,33.0
상태구,1.0
상태임,1.0
상태임메신저,1.0
상태임옆,1.0
상태친구,1.0
상품,1.0
상품권,3.0
상품권2,1.0
상하,1.0
상하관계,1.0
상하지,1.0
상해,3.0
상해둘,1.0
상호,4.0
상호보완,2.0
상황,85.0
상황도,1.0
상황모면용,1.0
상황설명,1.0
새,24.0
새기,2.0
새끼,77.0
새끼땜,1.0
새끼로이더,1.0
새라,1.0
새벽,8.0
새사업,1.0
새상,1.0
새여친,1.0
새연애,1.0
새치기,1.0
색,1.0
색깔,1.0
색조,1.0
샊,1.0
샌드위치,2.0
샐러드,3.0
샘,2.0
샛,1.0
생,9.0
생각,408.0
생각안,1.0
생각안해,1.0
생각임,2.0
생각정리,1.0
생각하기,2.0
생각함정,1.0
생걌,1.0
생계,1.0
생기,1.0
생기잖아얘,1.0
생긱,1.0
생년,1.0
생략,1.0
생리,1.0
생명,1.0
생명과학,1.0
생방,1.0
생산,1.0
생산적인,1.0
생선,1.0
생신,1.0
생신선물,1.0
생얼,2.0
생인,1.0
생일,15.0
생일날,1.0
생일도,1.0
생일때,1.0
생일선물,6.0
생전,2.0
생존,2.0
생존여부,1.0
생필품,1.0
생활,32.0
생활비,1.0
생활습관,1.0
생활패턴,2.0
샠기들아지들,1.0
샤넬,1.0
샤넬백,1.0
샤워,3.0
샤이,1.0
샴푸,1.0
샵,2.0
샷,1.0
샹,1.0
샹담,1.0
서,5.0
서관,1.0
서도,1.0
서로,26.0
서로상황,1.0
서론,4.0
서론본론,1.0
서류,2.0
서른,4.0
서른살,1.0
서명,1.0
서비스,1.0
서비스업,1.0
서서,4.0
서서히,1.0
서술,1.0
서열,2.0
서울,10.0
서울권,1.0
서울대,2.0
서울대학,1.0
서인,1.0
서임,1.0
서적,1.0
서치,1.0
서포트,1.0
서포트형,1.0
서프라이즈,1.0
석,2.0
석사,1.0
석차,1.0
선,79.0
선거,1.0
선거때,1.0
선녀,1.0
선동,1.0
선동가,1.0
선동질,2.0
선디엠,1.0
선물,21.0
선물유형,1.0
선물정도,1.0
선물줌,1.0
선민,3.0
선민사상,1.0
선민의식,3.0
선방,1.0
선배,5.0
선비,3.0
선상,2.0
선생,4.0
선생님,4.0
선선,1.0
선수,3.0
선수촌,1.0
선약,1.0
선언,2.0
선연락,4.0
선연락임,1.0
선의,4.0
선임,4.0
선입견,1.0
선정,1.0
선조,1.0
선지참,1.0
선천적,1.0
선택,10.0
선택적,3.0
선택지,1.0
선톡으,1.0
선톡을,1.0
선톧,1.0
선포,1.0
선폭,1.0
선호,10.0
선호하는인픕,1.0
선호하능게,1.0
선후임,1.0
설,1.0
설거지,3.0
설계,1.0
설득,5.0
설레,1.0
설레발,1.0
설명,23.0
설명서,1.0
설정,3.0
설치,3.0
설탕,1.0
섬,2.0
섬남,1.0
섬세,2.0
섬유,1.0
섭취,1.0
섯,1.0
섯불리,1.0
성,12.0
성ㅇ공,1.0
성감대,1.0
성격,108.0
성격때문,2.0
성격때문에,1.0
성격변,1.0
성격변항,1.0
성격씹더럽다,1.0
성격유형,3.0
성격유형검사,1.0
성격중,1.0
성격차로,1.0
성격탓,1.0
성경,1.0
성공,22.0
성공률,1.0
성공욕심,1.0
성공팁,1.0
성과,8.0
성과중심,1.0
성노예,1.0
성령,1.0
성별,2.0
성병,2.0
성본1,1.0
성본2,1.0
성본3,1.0
성본4,1.0
성본5,1.0
성본6,1.0
성본7,1.0
성본8,1.0
성본9,1.0
성숙,5.0
성시,1.0
성시경,1.0
성실,8.0
성실세납자,1.0
성얘기,1.0
성에,1.0
성욕,7.0
성의,10.0
성인,11.0
성인군자,1.0
성인임,1.0
성장,7.0
성장지향,1.0
성적,11.0
성적우수장학금,1.0
성질,4.0
성질내고,1.0
성찰,2.0
성취,1.0
성취감,3.0
성취도,1.0
성패,1.0
성폭행,3.0
성폭행범,1.0
성행위,1.0
성향,39.0
성향상,1.0
성향이,1.0
성형,3.0
성형녀,1.0
성희롱,1.0
세,5.0
세가,1.0
세간,1.0
세계,5.0
세계관,2.0
세계관최강자,2.0
세계발전,1.0
세계정복,2.0
세계최강,2.0
세고,4.0
세금,3.0
세끼,1.0
세납자,1.0
세뇌,1.0
세대,1.0
세력,1.0
세련,1.0
세만,1.0
세면,1.0
세무사,1.0
세부적,1.0
세상,25.0
세상살이,1.0
세성,1.0
세성임,1.0
세세,1.0
세신,1.0
세안,1.0
세운,1.0
세이,1.0
세일,1.0
세차,1.0
세컨드,2.0
세트,2.0
세팅,2.0
세포,2.0
섹,3.0
섹드립,1.0
섹슈얼,1.0
섹스,14.0
섹스하기,1.0
섹시,2.0
섹파,6.0
섹파랑,1.0
센스,2.0
센터,1.0
셀,4.0
셀카,3.0
셀프로,1.0
셈,3.0
셋,8.0
셋중,1.0
셔츠,1.0
션,1.0
셜,3.0
셜록홈즈,1.0
셰이크,1.0
소,12.0
소감,1.0
소개,13.0
소개시켜줬엉성격,1.0
소개팅,25.0
소개팅남,3.0
소개팅때,1.0
소규모,1.0
소극적,1.0
소나,2.0
소득,4.0
소라,1.0
소름,4.0
소리,63.0
소린데,1.0
소린지,1.0
소릴,1.0
소면,1.0
소모,3.0
소모량,1.0
소모품,2.0
소문,1.0
소비,2.0
소생,1.0
소설,4.0
소설가,1.0
소속,2.0
소속감,2.0
소수,2.0
소수점,1.0
소스,1.0
소시,10.0
소시오패스,10.0
소식,2.0
소신,1.0
소신발언,1.0
소심,2.0
소용,1.0
소유욕,5.0
소인,1.0
소인배,1.0
소장,1.0
소재,1.0
소전,1.0
소제,1.0
소주,1.0
소주병,1.0
소쥬,1.0
소지,1.0
소진,1.0
소통,2.0
소프트,1.0
소프트웨어,1.0
소프트웨어하드웨어외형,1.0
소형,1.0
소형가전위주,1.0
소홀,1.0
소희,2.0
속,66.0
속궁합,2.0
속눈썹,1.0
속눈썹연장,1.0
속도,4.0
속마음,11.0
속물적,1.0
속병,1.0
속보,1.0
속사정,1.0
속상하네ㅠ회사,1.0
속상해,1.0
속성,1.0
속앓이,1.0
속얘기,2.0
속이,2.0
손,60.0
손가락,1.0
손님,1.0
손목,1.0
손바닥,1.0
손상,1.0
손실,2.0
손익,1.0
손익계산계획,1.0
손재주,1.0
손절,32.0
손절도,1.0
손절스택,1.0
손절침,1.0
손주,1.0
손편지,1.0
손해,8.0
솔,17.0
솔남자,1.0
솔로,4.0
솔로일때,1.0
솔로지옥2,1.0
솔루션,2.0
솔직함,1.0
솔트,1.0
솜,1.0
쇠붙이,1.0
쇼,4.0
쇼부,2.0
쇼핑,3.0
수,228.0
수가,8.0
수강,1.0
수강신청,1.0
수건,1.0
수고,3.0
수고하세,1.0
수긍,6.0
수기,2.0
수녀,1.0
수다,4.0
수단,3.0
수도,11.0
수도권,1.0
수도있음,2.0
수동적,2.0
수동적임,2.0
수라,2.0
수라도,1.0
수레바퀴,1.0
수련,1.0
수렴,5.0
수록,18.0
수록돈,1.0
수록운동,1.0
수면,5.0
수면부족,1.0
수면부족상태,1.0
수면욕,1.0
수면제,1.0
수명,1.0
수목,1.0
수박,3.0
수박화채,1.0
수백,1.0
수백개,1.0
수분,1.0
수사,1.0
수상,2.0
수상내역,1.0
수석,2.0
수석연구원,1.0
수수,3.0
수술,2.0
수습,4.0
수습기간,1.0
수식어,1.0
수십,3.0
수십년,2.0
수십명5,1.0
수액,2.0
수업,2.0
수업때,1.0
수염,1.0
수염자국,1.0
수영,4.0
수요일,4.0
수용,4.0
수용가능,1.0
수용소,1.0
수용함,1.0
수위,1.0
수있음,2.0
수작,2.0
수작부리,1.0
수저,4.0
수저덕분,1.0
수정,3.0
수준,27.0
수준6,1.0
수줍음,1.0
수지,1.0
수직,1.0
수직하락,1.0
수집,2.0
수집가임,1.0
수포자,1.0
수학,2.0
수험생,1.0
숙련,1.0
숙명,1.0
숙박,1.0
숙박비,2.0
숙소,1.0
숙지,1.0
숙취,1.0
순,11.0
순간,29.0
순간만큼,1.0
순간적,2.0
순기능,1.0
순발력,1.0
순방,1.0
순삭,1.0
순서,4.0
순수,7.0
순수3,1.0
순식간,2.0
순위,7.0
순응,1.0
순응훈련,1.0
순자산,1.0
순종,3.0
순혈,1.0
순화,1.0
순화군,1.0
술,66.0
술담배,3.0
술담배클럽,1.0
술먹자,1.0
술수,1.0
술약속,1.0
술약속도,1.0
술자리,6.0
술주정,1.0
술집,2.0
술집1차,1.0
술처멱,1.0
숨,6.0
숨기,1.0
숨기지마,1.0
숨김,1.0
숨모자,1.0
숨음컨디션,1.0
숫자,2.0
숭,1.0
숭늉,1.0
쉌,1.0
쉨,1.0
쉬,4.0
쉬라,1.0
쉰느,1.0
쉰느날,1.0
쉼,2.0
쉽도,1.0
슈,2.0
슈카월드,1.0
슈퍼,3.0
슈퍼리치,1.0
슈퍼커브,2.0
슉,1.0
스님,1.0
스럼,1.0
스릴,2.0
스몰,8.0
스몰토크,7.0
스베거스,1.0
스스럼,2.0
스스로,14.0
스스로가방,1.0
스압,1.0
스위치,1.0
스위칭,1.0
스윗,1.0
스윗하다,1.0
스캔해,2.0
스케이트,1.0
스케일,1.0
스케줄,2.0
스케줄조정,1.0
스케줄표,1.0
스코어,1.0
스콘,1.0
스쿠버,1.0
스쿠버다이빙,1.0
스쿠터,1.0
스키,1.0
스키장,1.0
스킨,4.0
스킨쉽,8.0
스킨쉽도,1.0
스킨십,21.0
스킨헤드,1.0
스킵,2.0
스타,33.0
스타일,42.0
스타일러,1.0
스타일인건,1.0
스타일임,3.0
스탈,6.0
스탈나도,1.0
스탑,1.0
스택,1.0
스탠드업,1.0
스탠스,3.0
스탠스임,1.0
스탯,1.0
스토리,28.0
스토리답장,1.0
스토리알람,1.0
스토밍,1.0
스토커,1.0
스트,3.0
스트라,1.0
스트레스,41.0
스트레스때문,1.0
스트레스라니,1.0
스트레칭,2.0
스트롱,1.0
스파게티,1.0
스파이크,2.0
스파크,1.0
스팸,1.0
스펙,5.0
스펙같,1.0
스펙없,1.0
스펙으,1.0
스포츠,2.0
스포츠게임,1.0
스포츠게임말임,1.0
스폰,1.0
스프,6.0
스프링,1.0
스피커,1.0
슬럼프,1.0
습관,6.0
습관적,1.0
습기,2.0
습성,1.0
습성상,1.0
승,4.0
승낙,1.0
승락,1.0
승리,3.0
승부,1.0
승진,3.0
승천,1.0
싀,1.0
싀끼,1.0
싄,1.0
시,62.0
시2발,1.0
시각,1.0
시각적,1.0
시간,175.0
시간거리,1.0
시간낭비,6.0
시간대,3.0
시간대비,1.0
시간동안,3.0
시간만큼,1.0
시간세면,1.0
시간약속,2.0
시간전,1.0
시간정도,1.0
시간조절,1.0
시간쯤,1.0
시계,1.0
시계화면,1.0
시고,2.0
시골길,1.0
시궁창,1.0
시그널,1.0
시급,1.0
시급2만원,1.0
시기,13.0
시기래,1.0
시나리오,2.0
시너지,1.0
시노,1.0
시늉,1.0
시대,5.0
시대인,1.0
시도,9.0
시도때,2.0
시도함,1.0
시동,1.0
시드,2.0
시드머니,1.0
시디,1.0
시람으,1.0
시름,1.0
시뮬레이션,2.0
시민,1.0
시민연대계약,1.0
시바,2.0
시박,1.0
시발,35.0
시발ㅜ,1.0
시발놈,1.0
시발럼,1.0
시발련,1.0
시발련들,2.0
시발점,1.0
시발창련,1.0
시밯,1.0
시브,1.0
시브이,1.0
시비,5.0
시사,1.0
시샘,2.0
시선,5.0
시설,1.0
시속,1.0
시스,1.0
시스트,1.0
시안,1.0
시애미,1.0
시야,3.0
시원,2.0
시원하노,1.0
시원해하,1.0
시작,39.0
시장,1.0
시전,1.0
시전함,1.0
시절,13.0
시절얘기,1.0
시점,2.0
시즌,3.0
시즌1557번째,1.0
시즌2,1.0
시즘,1.0
시청,1.0
시체,1.0
시티,2.0
시티즈,1.0
시티팝,1.0
시팔,1.0
시해,1.0
시행,2.0
시행착오,1.0
시험,13.0
시험공부,3.0
시험준비,1.0
식,72.0
식겁,1.0
식내가,1.0
식단,2.0
식단얘기중,1.0
식당,4.0
식민지,1.0
식비,1.0
식사,5.0
식욕,2.0
식이,3.0
식이장애2년,1.0
식임,1.0
식지,1.0
신,12.0
신격화,1.0
신경,49.0
신경안,2.0
신고,5.0
신급,2.0
신급괴물임,2.0
신기,8.0
신기해,1.0
신나,4.0
신념,5.0
신뢰,9.0
신발,1.0
신발안삼,1.0
신보지말자,1.0
신봉,2.0
신봉자,1.0
신부감,1.0
신분,1.0
신빙성,1.0
신안,1.0
신어,1.0
신용,2.0
신용대출,1.0
신용카드,1.0
신원,2.0
신은,1.0
신은상태,1.0
신이,1.0
신인,1.0
신인줄,1.0
신임,1.0
신입,2.0
신입생,1.0
신입직원,1.0
신장,1.0
신중,5.0
신청,3.0
신체,1.0
신체기능저하,1.0
신체적,2.0
신한,1.0
신호,4.0
신호등,2.0
신혼,1.0
신혼여행,1.0
신혼집,1.0
실,2.0
실내,1.0
실내암장,1.0
실드,1.0
실력,2.0
실례,1.0
실리,1.0
실리주의,1.0
실망,8.0
실무적,2.0
실물,1.0
실속,1.0
실수,18.0
실수안,1.0
실수해,1.0
실시,1.0
실시간,6.0
실실형,1.0
실언,1.0
실외,1.0
실외기앞,1.0
실용적,3.0
실장,1.0
실적,15.0
실제,9.0
실존,1.0
실증,1.0
실진,1.0
실질적,1.0
실천,3.0
실천방안,1.0
실체,1.0
실패,4.0
실함,3.0
실함회사,1.0
실행,4.0
실행력,1.0
실형,1.0
실화,2.0
싫움,1.0
싫으,2.0
심,21.0
심4,1.0
심각,6.0
심리,25.0
심리상담,1.0
심리상태,1.0
심리싸움,1.0
심리임,4.0
심리적,3.0
심리학,2.0
심사,1.0
심사숙고,1.0
심숭샘,1.0
심심풀이,2.0
심야,1.0
심야괴담,1.0
심약,1.0
심연,1.0
심장,1.0
심적,1.0
심증,1.0
심플,1.0
심해,6.0
심했는데잇티제남,1.0
심화,1.0
십,5.0
십분간격,1.0
십상,1.0
십팁,1.0
싱,1.0
싶노,4.0
싶농,1.0
싸가지,8.0
싸움,14.0
싸움수준,2.0
싸움하려,1.0
싸이코,2.0
싹,4.0
쌈닭,1.0
쌉오,1.0
쌉오짐,1.0
쌍,5.0
쌍방,2.0
쌍수,2.0
쌍수딸잽,1.0
썅년,1.0
썸ㅡ녀,1.0
쎄해,2.0
쏘가리,1.0
쏘패,1.0
쏭,1.0
쓰넼,1.0
쓰레기,23.0
쓰레기새끼,1.0
쓰레기임,1.0
쓰레기통,4.0
쓰잘,1.0
쓸개,2.0
쓸데,1.0
쓸모,3.0
씁슬하,1.0
씨,52.0
씨발,15.0
씨발개,1.0
씨발것,1.0
씨발년,1.0
씨발듣기,1.0
씨발럼,2.0
씨발련,2.0
씨발롬,1.0
씨발새,1.0
씨발새끼,1.0
씨발씨,1.0
씨발인,1.0
씨앗,1.0
씨이발,1.0
씹꼰대,1.0
씹덕,1.0
씹덕겜,2.0
씹덕들,1.0
씹덕오타쿠,1.0
씹상남자,1.0
씹새,1.0
씹선,2.0
씹선비,1.0
씹스,3.0
씹스러,1.0
씹스러운,2.0
씹스럽,2.0
씹스럽지,1.0
씹인,2.0
씹존잘,1.0
씹존잘이어도분위기,1.0
씹좆,1.0
씹좆같,1.0
씹창,1.0
씹처,1.0
씹처녀충,1.0
씹틀,1.0
씹티,1.0
씹티제,1.0
씹티피밭임,1.0
씹팁,1.0
씹프,33.0
씹프피,34.0
씹프피들,4.0
씹프피새끼,1.0
씹프피였다,1.0
씹프피인건,1.0
씹프피임,2.0
씹프피죽,1.0
씹프피화,1.0
씹호감,1.0
씻으,1.0
씼,1.0
아,25.0
아가,2.0
아가리,2.0
아기,2.0
아기동자,1.0
아기시절,1.0
아까,1.0
아내,1.0
아녀,2.0
아녓구,1.0
아노,1.0
아니래자기,1.0
아동,3.0
아동교육,1.0
아동교육쪽,1.0
아동학대,1.0
아들,5.0
아랑곳,1.0
아래,10.0
아랫배,1.0
아랫사람,2.0
아량,1.0
아르바이트,2.0
아리,2.0
아리쏭,1.0
아마존,1.0
아멘,2.0
아몬드,1.0
아무,9.0
아무것,9.0
아버님,1.0
아버지,5.0
아베,1.0
아부,1.0
아부지,2.0
아빠,6.0
아수라,1.0
아쉬움,2.0
아시,1.0
아시안,1.0
아악,2.0
아우,2.0
아우라가,1.0
아웃,15.0
아웃오브안중,1.0
아웃임,1.0
아이,37.0
아이돌,3.0
아이디어,1.0
아이러니,1.0
아이수크림,1.0
아이스,3.0
아이스크림,3.0
아이씨,1.0
아이오,1.0
아이오닉5,1.0
아이유,4.0
아이폰,1.0
아저씨,1.0
아주,1.0
아줌마,3.0
아지,3.0
아첨,1.0
아침,25.0
아침밤,1.0
아침밥,2.0
아침잠,1.0
아파트,3.0
악,7.0
악귀,1.0
악기,2.0
악기레슨,1.0
악마,1.0
악성,1.0
악셀,1.0
악수,1.0
악플,1.0
악화,1.0
안,290.0
안가,7.0
안간3,1.0
안감,6.0
안감여자여,1.0
안개,2.0
안건,1.0
안검,1.0
안경,3.0
안구,1.0
안구라,1.0
안궁굼,1.0
안내,4.0
안내고,2.0
안녕,16.0
안녕하세,1.0
안뇽,1.0
안단거잖,1.0
안달,2.0
안대,1.0
안도감,1.0
안됨,13.0
안됨2,1.0
안됨5,1.0
안됨내가,1.0
안됨엣티,1.0
안락사,1.0
안마기,1.0
안망하노,1.0
안면,1.0
안받음,1.0
안보,8.0
안보고,2.0
안보내,1.0
안보여주,1.0
안본,1.0
안본사이2,1.0
안볼사이,1.0
안부,2.0
안부노,1.0
안사랑,2.0
안식,1.0
안심,5.0
안심심해,1.0
안쓰는데얘들,1.0
안온,2.0
안올림,1.0
안옴,1.0
안유진,1.0
안이,3.0
안읽씹,6.0
안읽씹하거,1.0
안읽씹하냐,1.0
안읽씹하다,1.0
안읽씹하면,1.0
안읽을,1.0
안전,3.0
안전대비,1.0
안정,5.0
안정감,3.0
안정적,6.0
안좋노,1.0
안주,6.0
안주것,1.0
안주고,1.0
안주면,1.0
안중,4.0
안중무,1.0
안중이,2.0
안지,3.0
안쪽,1.0
안타,1.0
안탐3,1.0
안통,4.0
안팍으,1.0
안팎,1.0
안하,12.0
안한지,1.0
안항,1.0
안해,19.0
안해ㅅㅂ,1.0
안해놓고ㅋㅌ으,1.0
안해본거,1.0
안해봄,2.0
않을거잖,1.0
알,8.0
알겠바과제에,1.0
알라딘,2.0
알람,5.0
알바,17.0
알바애가,1.0
알바인,1.0
알음,2.0
알음개새끼,1.0
알코올,1.0
알코올중독,1.0
알콜,3.0
알콜솜,1.0
알콜중독자,2.0
알파,2.0
알파남,1.0
알파메일,1.0
앎,1.0
암,13.0
암기,1.0
암기과목,1.0
암덩어리,1.0
암말,2.0
암벽,1.0
암장,1.0
암호,1.0
암환자방,1.0
압도적,7.0
압도적지능,1.0
압박,2.0
압박감,2.0
았어도,1.0
앙,3.0
앙금,1.0
앙금따위,1.0
앙심,1.0
앝,1.0
앞,58.0
앞길,2.0
앞날,1.0
앞뒤,4.0
앞사람,1.0
앞시야,1.0
앞장,1.0
앞장서서,1.0
애,168.0
애1년,1.0
애가,7.0
애결국,1.0
애교,19.0
애교말투,1.0
애구,1.0
애기,3.0
애기취급,1.0
애니어,2.0
애니어그램,1.0
애당초,1.0
애도,2.0
애드,3.0
애드라,1.0
애드링,1.0
애마,1.0
애매모호,2.0
애매해,1.0
애미,9.0
애미가,1.0
애미디진소리,1.0
애미리스,1.0
애미애비,1.0
애미애비꼴,1.0
애비,3.0
애새끼,4.0
애새끼임,1.0
애어른,1.0
애엑,1.0
애완,1.0
애완동물,1.0
애완토끼,1.0
애원,1.0
애이,1.0
애인,35.0
애인관계아,1.0
애인임,1.0
애정,19.0
애정결핍,2.0
애정신호,1.0
애정어린,1.0
애정표현,7.0
애정표현도,1.0
애정표형,1.0
애착,3.0
애착불안정외동주,1.0
애착유형,1.0
애초,11.0
애프터,6.0
애플,1.0
애플워,1.0
애플화치,1.0
액,1.0
액수,1.0
액티비티,1.0
앤,7.0
앤데,1.0
앤팁,1.0
앤프,1.0
앤프피,1.0
앰,1.0
앰비티아이,1.0
앱,2.0
앱으,1.0
앱으로,1.0
앱테크,1.0
앵,2.0
앵간,1.0
앵간한애,1.0
야,33.0
야근,6.0
야기,2.0
야동,2.0
야망,2.0
야매,1.0
야먕,1.0
야모임,1.0
야무,2.0
야무짐,2.0
야밤,2.0
야밤예,1.0
야식,2.0
야쓰,1.0
야외,2.0
야외활동,1.0
야인,1.0
야인팁남,1.0
야자,1.0
야자애,1.0
야툰,1.0
야한,2.0
야한생각,1.0
약,25.0
약간,17.0
약간수녀비구니,1.0
약국,1.0
약도,1.0
약속,65.0
약속강박증,1.0
약속내용,1.0
약속도,1.0
약속시간,1.0
약속잡고,1.0
약속잡기,1.0
약속잡음,2.0
약속장소,2.0
약속취소가능,1.0
약식,1.0
약식검사,1.0
약자,1.0
약점,1.0
얌전,3.0
얏,1.0
양,3.0
양극성,1.0
양다리,1.0
양배추,2.0
양배추토마토샐러드,1.0
양보,2.0
양손,2.0
양식,1.0
양심,2.0
양해,1.0
얘,70.0
얘기,110.0
얘기끝남다음날,1.0
얘기만,1.0
얘기임,1.0
얘기중,1.0
얘기하기,1.0
얘기하다,2.0
얘기하라,1.0
얘기해보면,1.0
얘길,1.0
얘내,3.0
얘네,10.0
얘네들,5.0
얘넨,6.0
얘들,3.0
얘랑,1.0
얘말,1.0
얘정,1.0
얘하고,1.0
얘한테,1.0
얜,3.0
얠,1.0
어,52.0
어감,1.0
어기,1.0
어깨,2.0
어깨너머,1.0
어깨동무,1.0
어께,1.0
어디,55.0
어디쯤,2.0
어딘가,2.0
어딧냐,1.0
어때,6.0
어떠냐,1.0
어떡,1.0
어떡하노,1.0
어떻ㄱㅔ해,1.0
어려움,8.0
어렵다ㅜ경력,1.0
어로,1.0
어르신,5.0
어른,9.0
어린,1.0
어린년,1.0
어린놈,1.0
어머니,6.0
어머님,1.0
어물,1.0
어물쩡,1.0
어색,3.0
어스,3.0
어이,9.0
어장,16.0
어장관리일지,1.0
어장당했노,1.0
어장도,1.0
어장안,1.0
어장인건,1.0
어장일수,1.0
어장침,1.0
어제,31.0
어제밤,1.0
어제오늘,1.0
어차,1.0
어차피,1.0
어캐,2.0
어케,2.0
어케생각,1.0
어투,1.0
어플,2.0
어필,10.0
어항,1.0
억,10.0
억압,4.0
억지,5.0
억지논리,1.0
언,6.0
언급,4.0
언급안,1.0
언니,3.0
언변,1.0
언어,2.0
언어표현,1.0
언제,9.0
언질,1.0
언팔,1.0
언행,1.0
얼,5.0
얼굴,34.0
얼굴살이,1.0
얼굴크기,1.0
얼레,1.0
얼리버드,1.0
얼마,24.0
얼마나,1.0
얼마동안,1.0
얼마만큼,1.0
얼마전,9.0
얼빠,3.0
얼빵,1.0
얼음,2.0
얼탱이,1.0
엄마,15.0
엄빠,2.0
엄친,1.0
엄친아들,1.0
업,9.0
업계,1.0
업그레이드,1.0
업데이트,2.0
업뎃,1.0
업로드,2.0
업무,25.0
업무시간,1.0
업무얘기,1.0
업무적인,1.0
업무중,1.0
업무처리,1.0
업무효율,1.0
업부,1.0
업체,1.0
없노,3.0
없다싶이해,1.0
없더,1.0
없드,1.0
없드라,1.0
없으,2.0
엉,1.0
엉덩이,2.0
엉망,1.0
엉변,1.0
엊그제,1.0
에겐,1.0
에너,1.0
에너제,1.0
에너지,15.0
에너지바,1.0
에어,4.0
에어컨,3.0
에어팟,3.0
에어프라이어로,1.0
에이스,2.0
에프,1.0
에프터,3.0
에피소드,2.0
에휴,3.0
엑,1.0
엑셀,2.0
엑셀교육,1.0
엑스포,1.0
엔,264.0
엔ㅌㆍ제성격,1.0
엔돌핀,1.0
엔딩,2.0
엔뿌,1.0
엔조이,1.0
엔조이식,1.0
엔진,3.0
엔진오이,1.0
엔진오일,1.0
엔티,153.0
엔티제,71.0
엔티제가,26.0
엔티제거리,1.0
엔티제고,1.0
엔티제녀,12.0
엔티제도,4.0
엔티제랑,10.0
엔티제래ㅅ,1.0
엔티제면,2.0
엔티제분,1.0
엔티제식,1.0
엔티제의,7.0
엔티제인,1.0
엔티제인데,5.0
엔티제일듯,1.0
엔티제조차,1.0
엔티제중,1.0
엔티제쪽,1.0
엔티제한테,4.0
엔티제호소인,1.0
엔팁,8.0
엔팁남,1.0
엔팁엣팁,1.0
엔팁인걸,1.0
엔프,4.0
엔프제,9.0
엔프제나왔다,1.0
엔프제남,1.0
엔프제인데,1.0
엔프피,6.0
엔프피고,1.0
엔프피년,1.0
엔픕,1.0
엔픕남,1.0
엘,4.0
엠,18.0
엠비,1.0
엠비탸,1.0
엠비티아이,12.0
엠생패배자,1.0
엠티,1.0
엣,204.0
엣티,134.0
엣티남,4.0
엣티남에게,1.0
엣티남의,1.0
엣티들,1.0
엣티자,1.0
엣티제,62.0
엣티제고,1.0
엣티제글,1.0
엣티제남,11.0
엣티제녀,24.0
엣티제도,1.0
엣티제들,25.0
엣티제랑,6.0
엣티제래,1.0
엣티제상사,1.0
엣티제식,1.0
엣티제야,1.0
엣티제의,1.0
엣티제인,1.0
엣티제인줄,1.0
엣티제짝,1.0
엣티제한테,1.0
엣팁,11.0
엣팁녀,2.0
엣프,6.0
엣프제,6.0
엣프피,1.0
여,125.0
여1111,1.0
여111친,2.0
여ㅁㅁ친,1.0
여가,2.0
여가시간,1.0
여갤러,1.0
여기,74.0
여기갤에,1.0
여기기,1.0
여기저기,4.0
여김최소,1.0
여동생,1.0
여러번,1.0
여러분,2.0
여럿,6.0
여론,3.0
여론조성,1.0
여름,2.0
여름방학동안,1.0
여리,1.0
여리여리,1.0
여미,1.0
여미새,1.0
여미새라,1.0
여미새임,1.0
여배우,1.0
여부,3.0
여분,1.0
여사,2.0
여사친,9.0
여상대방,1.0
여섯,1.0
여섯시간,1.0
여성,11.0
여소라,1.0
여신,1.0
여신급,1.0
여왕,1.0
여왕폐하,1.0
여우,2.0
여우임,1.0
여운,1.0
여워,2.0
여유,8.0
여자,232.0
여자가됨인프피녀,1.0
여자기준,1.0
여자노잼,1.0
여자동료,1.0
여자동생,1.0
여자래보수적,1.0
여자분,4.0
여자사람,1.0
여자시간,1.0
여자아이,1.0
여자애,18.0
여자앤데,1.0
여자야,1.0
여자여자,1.0
여자연예인,1.0
여자인프피,1.0
여자임,5.0
여자임잇티,1.0
여자입장,1.0
여자중,2.0
여자친구,26.0
여자평소,1.0
여주,1.0
여지,8.0
여지주,1.0
여직원,3.0
여초,2.0
여친,33.0
여친유무,1.0
여타,1.0
여태,5.0
여테,1.0
여행,17.0
여행가,2.0
여행가기,2.0
여행도,1.0
여행땜,1.0
역,10.0
역고백,1.0
역량,2.0
역린,1.0
역사,2.0
역사적,1.0
역시나,2.0
역시나이성관계,1.0
역할,5.0
연,34.0
연10애,1.0
연1111애,1.0
연12애,2.0
연2락,1.0
연ㄹ,1.0
연ㅇㅐ,1.0
연ㅡ락,1.0
연ㅡ애글,2.0
연관,1.0
연관성,1.0
연구,1.0
연구소장,1.0
연구실,1.0
연구원,1.0
연구쪽,1.0
연극,1.0
연근,1.0
연기,4.0
연기력,1.0
연기함자존,1.0
연대,1.0
연락,237.0
연락관련,1.0
연락도,6.0
연락두절,3.0
연락따위,1.0
연락때매,1.0
연락스타일,1.0
연락시작,1.0
연락안,5.0
연락안오고,1.0
연락안해,1.0
연락얘기,1.0
연락오더라,1.0
연락옴,1.0
연락중,2.0
연락처,2.0
연락텀,5.0
연락하라,1.0
연락하자,2.0
연락하지하,1.0
연략,1.0
연럭,1.0
연령,1.0
연명,1.0
연민,1.0
연봉,1.0
연분,2.0
연상,5.0
연상연,1.0
연소득,1.0
연속,4.0
연속성,1.0
연속임,1.0
연수,1.0
연습,2.0
연애,200.0
연애3,1.0
연애감정,1.0
연애경험,2.0
연애공백기,1.0
연애공부,1.0
연애관,2.0
연애관련,1.0
연애관이,1.0
연애글,3.0
연애글금지,1.0
연애대상,1.0
연애론,1.0
연애목적,1.0
연애방식,2.0
연애법,1.0
연애빈도수가,1.0
연애상담,2.0
연애성공,1.0
연애세포,1.0
연애스타일,2.0
연애시,2.0
연애시닥,1.0
연애시작하,1.0
연애안하,2.0
연애이야기,1.0
연애중,6.0
연애중이,1.0
연애중인,1.0
연애초기,1.0
연애초반,2.0
연애하기,1.0
연애한진,1.0
연애할려,1.0
연애해본,1.0
연예,1.0
연예얘기,1.0
연예인,9.0
연예인이나,1.0
연올림,1.0
연인,29.0
연인과의,2.0
연인관계,1.0
연인사이,1.0
연장,2.0
연주,1.0
연차,2.0
연포탕,1.0
연하,7.0
연하남,3.0
연하전반적,1.0
연합,1.0
연해,1.0
열,6.0
열감기,1.0
열고,1.0
열등,5.0
열등감,3.0
열등기능,2.0
열망,1.0
열살,1.0
열성,1.0
열성유전자,1.0
열시간,1.0
열일,1.0
열정,5.0
열정적,2.0
열차,1.0
열품,1.0
열품타로,1.0
열흘,1.0
열흘동안,1.0
염두,3.0
염병,1.0
염소,1.0
염탐,5.0
엽,1.0
엿,2.0
영,3.0
영리,1.0
영문,1.0
영밴리스트,1.0
영상,7.0
영식,1.0
영앙,1.0
영양,2.0
영양가,2.0
영양부족,1.0
영양제,2.0
영어,1.0
영업,1.0
영업로비,1.0
영역,1.0
영웅,2.0
영웅심,1.0
영원,1.0
영점,1.0
영접,1.0
영향,9.0
영향력,2.0
영혼,2.0
영화,18.0
영화값,1.0
영화관,1.0
영화보고,2.0
영화보기,1.0
영화예약,1.0
영화정도,1.0
옆,24.0
옆동네,1.0
옆자리,1.0
옆집,1.0
예,40.0
예고,1.0
예로,1.0
예민,1.0
예쁘,1.0
예산,1.0
예상,5.0
예상불가,1.0
예상외,1.0
예상치,1.0
예선,1.0
예수,1.0
예술,7.0
예술계통,1.0
예시,7.0
예시꿈임,1.0
예약,3.0
예외,1.0
예외적,1.0
예의,9.0
예의라도,1.0
예의상,1.0
예의인걸,1.0
예의주시,1.0
예전,24.0
예정,9.0
예정수요일,1.0
예체능,3.0
예체능계열태생,1.0
예체능앞,1.0
예체능업계,1.0
예측,3.0
옛날,7.0
옛날얘기,1.0
옛날일,1.0
오,38.0
오ㅐ,1.0
오고,5.0
오구,1.0
오구오구,1.0
오나,3.0
오나홀,1.0
오녜,1.0
오노,2.0
오늘,81.0
오더,2.0
오도,2.0
오도방구,2.0
오락,2.0
오락가락,1.0
오랜만,10.0
오랫동안,5.0
오르가즘,1.0
오르기,3.0
오른쪽,1.0
오마카,1.0
오만,2.0
오바,4.0
오백,1.0
오버,2.0
오브,3.0
오빠,12.0
오열,1.0
오온,2.0
오이,2.0
오이샌드위치,1.0
오일,1.0
오전,4.0
오줌발,1.0
오즘,1.0
오지,2.0
오지랖,8.0
오지마라,2.0
오진,1.0
오짐,1.0
오차,1.0
오차범위,1.0
오케이,1.0
오케이진지,1.0
오타쿠,1.0
오토,1.0
오토바이,2.0
오프라인,1.0
오픈,5.0
오픈가능,1.0
오픈마인드,1.0
오피셜,1.0
오해,14.0
오해더,1.0
오해일수,1.0
오후,4.0
옥상,1.0
온,3.0
온건,1.0
온대,2.0
온도,1.0
온라인,7.0
온몸,2.0
온천,1.0
올,6.0
올리브,1.0
올리브영,1.0
올림,7.0
올만,1.0
올해,6.0
올해초,1.0
옴,10.0
옴사람,1.0
옴시티,1.0
옴인슐린,1.0
옵챗,1.0
옷,23.0
옷단속,2.0
옷안삼,1.0
옷차림,1.0
옾카,1.0
와꾸,1.0
와우,2.0
와의,2.0
와이,1.0
와이프,3.0
와이프랑,1.0
와중,7.0
와플,1.0
왁,1.0
완료,3.0
완벽,15.0
완벽주의,1.0
완벽주의10,1.0
완벽주의자,2.0
완성,1.0
완장,10.0
완전,13.0
완전무결,1.0
왓으,1.0
왔노,1.0
왕,5.0
왕건,1.0
왕국,1.0
왕따,1.0
왕복,1.0
왕자,1.0
왕좌,1.0
왜냐,2.0
왜캐,2.0
왜케,12.0
왤,21.0
왤캐,2.0
왤케어렵노,1.0
외,16.0
외강,1.0
외강내유인,1.0
외계인,3.0
외골수,2.0
외골수소리,1.0
외곽,2.0
외관,1.0
외국,6.0
외국어,1.0
외국여행,1.0
외국인,1.0
외근,1.0
외로움,7.0
외로움내일,1.0
외로움만큼,1.0
외로워,4.0
외로워지기,1.0
외로웠지,1.0
외면,2.0
외모,39.0
외모가지,2.0
외모관리,2.0
외모정병,1.0
외모지적,1.0
외박,1.0
외부,5.0
외부사고,1.0
외부업체,1.0
외부요인,1.0
외식,3.0
외유,1.0
외유내강,1.0
외적,7.0
외적이상형,1.0
외향,16.0
외향성,1.0
외향친구,1.0
외향형,3.0
외형,1.0
왼쪽,1.0
왼쪽다리,1.0
요,5.0
요구,3.0
요금,1.0
요기,1.0
요령,1.0
요리,3.0
요며칠,1.0
요사,1.0
요사바,1.0
요새,13.0
요소,3.0
요약,3.0
요약1,1.0
요양,1.0
요양데이임힘,1.0
요요,1.0
요인,3.0
요일,3.0
요즘,69.0
요청,1.0
요하,1.0
요함,2.0
욕,24.0
욕구,5.0
욕구해소,1.0
욕망,1.0
욕심,11.0
욕심많으,1.0
욕은,1.0
욕지거리,1.0
욕해,1.0
욜,3.0
용,4.0
용건,6.0
용건목적,1.0
용기,6.0
용기내서,1.0
용납,4.0
용돈,1.0
용두,2.0
용두사미,2.0
용머리,1.0
용서,1.0
용어,1.0
용찬우,1.0
우,15.0
우넹,1.0
우다다,1.0
우리,56.0
우리나라,1.0
우리나라이상,1.0
우리집,4.0
우리팀,2.0
우리팀부모님,1.0
우리학교,1.0
우마,1.0
우물,1.0
우물가,1.0
우물안개,1.0
우산,2.0
우선,5.0
우선순위,2.0
우선순위본질,1.0
우수,2.0
우수하다,1.0
우스트카라마,1.0
우승,1.0
우역,1.0
우역곡절,1.0
우울,12.0
우울감,1.0
우울증,8.0
우울증약,1.0
우울하다,1.0
우월,3.0
우위,1.0
우유,3.0
우이마마,1.0
우주,2.0
우쮸쥬해줘,1.0
우측,1.0
우측보행,1.0
우파,1.0
우하하하,1.0
우흥,1.0
운,44.0
운동,56.0
운동가,3.0
운동생리,1.0
운동시간,1.0
운동신경,1.0
운동안,1.0
운동의,1.0
운동최고,1.0
운명,7.0
운석,2.0
운영,1.0
운운,2.0
운전,6.0
운전면허,1.0
운전중,1.0
운전하주,1.0
운지,1.0
운타령,1.0
운팅,2.0
운하다,1.0
운해,1.0
울,2.0
울림,2.0
울림논리적,1.0
울보,1.0
울음,1.0
움,10.0
움ㅅ식이지,1.0
움공부,1.0
움직임,4.0
움직임외식,1.0
움직임직진,1.0
웃기,6.0
웃기긴한데인프피,1.0
웃기진,1.0
웃음,2.0
웃음코드,1.0
웅,5.0
웅기,1.0
웅잇프피,1.0
워,19.0
워라,1.0
워라밸,1.0
워라벨,2.0
워주,1.0
워짐,2.0
워커홀릭,1.0
워크,1.0
워크넷,1.0
워터,1.0
워터파크,1.0
원,35.0
원가족,1.0
원권,1.0
원기,1.0
원기회복,1.0
원나잇,6.0
원나잇충,1.0
원나잇하,1.0
원나잇하러다닌다,1.0
원래,77.0
원리,3.0
원리원칙,1.0
원망,1.0
원샷,1.0
원서,1.0
원안,1.0
원인,7.0
원인제공,1.0
원점,1.0
원칙,5.0
원칙실수,1.0
원칙적,1.0
원한,2.0
원해,2.0
원해내가,1.0
월,27.0
월1000,1.0
월2천,1.0
월급,9.0
월드,1.0
월드컵,1.0
월세,2.0
월소득,2.0
월요,1.0
월요일,3.0
월요일은,1.0
월욜,1.0
월척,1.0
월천,7.0
월화,1.0
월화수목금토,1.0
웠,1.0
웡,2.0
웨어,1.0
웨이,2.0
웨이드,1.0
웨이트,1.0
웨이팅,1.0
웹,4.0
웹소설,2.0
웹툰,4.0
위,36.0
위권,1.0
위기,1.0
위너,1.0
위로,6.0
위법,1.0
위법사항,1.0
위선자,1.0
위선적,2.0
위안,2.0
위의,3.0
위인,1.0
위주,7.0
위주여,1.0
위치,1.0
위친구,1.0
위친지,1.0
위험,4.0
위험순위,1.0
위험하다,1.0
위협,4.0
윈,2.0
윌,1.0
윌비,1.0
윗,5.0
윗대가리,1.0
윗몸,1.0
윗분,1.0
윗사람,3.0
윗선,1.0
윗형제,1.0
유,24.0
유기적,1.0
유년기,1.0
유능,1.0
유대감,1.0
유도,5.0
유도리,1.0
유도함,1.0
유독,1.0
유동,1.0
유동닉,1.0
유동상황,1.0
유동적,2.0
유두,3.0
유두가리개,2.0
유래,1.0
유럽,1.0
유리,3.0
유리조각,1.0
유머,7.0
유머러스,1.0
유명,3.0
유무,1.0
유발,3.0
유보,1.0
유부,1.0
유부남,1.0
유부남원래,1.0
유사,5.0
유사사기,2.0
유사연,1.0
유사연애,1.0
유산소,3.0
유연근무제,1.0
유용,1.0
유유자적,2.0
유익,2.0
유익하다,1.0
유인,1.0
유일한,1.0
유입,1.0
유전자,3.0
유정,2.0
유지,16.0
유지가,1.0
유지비,1.0
유지비도,1.0
유지중,1.0
유진,1.0
유추,1.0
유치원,1.0
유치장,1.0
유쾌인,1.0
유투,1.0
유튜버,3.0
유튜브,9.0
유튜브봄,1.0
유튭,1.0
유튭댓글,1.0
유학,2.0
유행,3.0
유형,141.0
유형7,1.0
유형검사,1.0
유형쉼,1.0
유형유흥,1.0
유형인,1.0
유형임,1.0
유형자화자찬,1.0
유형직설적,1.0
유혹,1.0
유흥,3.0
육각,1.0
육각남,1.0
육각형,2.0
육수,2.0
육신,1.0
육아,1.0
육체적,2.0
육체적바람,1.0
윤,4.0
윤하,1.0
윤하의,1.0
윳,1.0
윳음기,1.0
융통성,9.0
으,10.0
으ㅏ,1.0
으쌰,1.0
으쌰으쌰,1.0
은,28.0
은근,18.0
은근히,1.0
은연중,1.0
은총,1.0
은행,1.0
은혜,2.0
은혜라,1.0
을,8.0
을이,1.0
음,18.0
음기,1.0
음대통령,1.0
음료,4.0
음료수,2.0
음료수라도,1.0
음모,1.0
음식,11.0
음아,2.0
음악,4.0
음일,2.0
음주,3.0
음주운전,1.0
음지,1.0
읍,2.0
응,17.0
응답,1.0
응답기,1.0
응디,1.0
응디시티,1.0
응원,11.0
응원카,1.0
응원해쥬,1.0
응징,1.0
의,10.0
의견,16.0
의견수렴,1.0
의견임,2.0
의기소침,1.0
의도,12.0
의도적,2.0
의도파악,1.0
의리,3.0
의리파,1.0
의무,1.0
의무감,3.0
의문,10.0
의문임,1.0
의문점,1.0
의미,36.0
의미부여,4.0
의미임,1.0
의사,8.0
의사표현,2.0
의식,9.0
의식적,1.0
의심,8.0
의암호,1.0
의외,3.0
의욕,3.0
의욕적,1.0
의욕적임,1.0
의의,1.0
의자,2.0
의적,1.0
의존,4.0
의지,9.0
의해,1.0
이,67.0
이거,132.0
이거거,1.0
이건,5.0
이것,99.0
이것저것,8.0
이게,1.0
이경우,1.0
이공계,2.0
이구,1.0
이구동성,1.0
이기,3.0
이기적,6.0
이긴하고얘,1.0
이날,1.0
이내,2.0
이년,1.0
이놈,1.0
이닝,1.0
이동,5.0
이동수단,1.0
이드,3.0
이득,7.0
이득적인,1.0
이때,14.0
이랑,34.0
이래,27.0
이래서비스직,1.0
이래원래,1.0
이랬,1.0
이랬다,1.0
이랬다가정,1.0
이랬더,2.0
이랬어그래,1.0
이랬었거,1.0
이랬으면하,1.0
이랬음모두,1.0
이런,1.0
이럼,2.0
이렇게,1.0
이론,1.0
이론적,1.0
이르렀,1.0
이름,11.0
이마,2.0
이마르,1.0
이맘때,1.0
이메일,2.0
이메일처럼,1.0
이면,3.0
이면서,3.0
이모,3.0
이모지가,1.0
이모티콘,2.0
이미지,6.0
이미지관리,1.0
이발,1.0
이번,37.0
이번달,1.0
이번달도,1.0
이번주,9.0
이번주말,1.0
이번해,1.0
이범,1.0
이벤트,3.0
이별,12.0
이별통보,1.0
이분,1.0
이불,4.0
이불킥,1.0
이사,6.0
이상,82.0
이상은,2.0
이상적,2.0
이상적인,2.0
이상주의,1.0
이상태,1.0
이상하다,1.0
이상하단,1.0
이상형,30.0
이상형성격,1.0
이상형집합소,1.0
이새,1.0
이성,60.0
이성관계,2.0
이성에게읽씹,1.0
이성이야기이면,1.0
이성적,27.0
이성적관심,1.0
이성친구,1.0
이슈,2.0
이식,1.0
이야기,38.0
이야기임,1.0
이어도,2.0
이여야지,1.0
이오,1.0
이완,1.0
이외,2.0
이용,11.0
이웨,1.0
이유,79.0
이유ㄱ,1.0
이유가내,1.0
이유가족,1.0
이유는엣티제,1.0
이이,1.0
이익,5.0
이입,1.0
이전,9.0
이정,5.0
이정도로,2.0
이제,18.0
이젠,18.0
이주,2.0
이주전,1.0
이준혁이더라도내,1.0
이중,5.0
이중인격,1.0
이중잣대,1.0
이중적,1.0
이즈,1.0
이지,1.0
이지만,1.0
이직,8.0
이직고민,1.0
이질,1.0
이집트,1.0
이쪽,2.0
이쯤,1.0
이치,2.0
이틀,11.0
이틀연속,1.0
이틀전,2.0
이틀정돈,1.0
이하,3.0
이하임,1.0
이항,1.0
이해,93.0
이해도,1.0
이해력,2.0
이해불가,2.0
이해안,2.0
이해안감,3.0
이해함,2.0
이행,1.0
이혼,4.0
이혼공감,1.0
이후,24.0
익명,2.0
인,102.0
인가,9.0
인간,62.0
인간관계,45.0
인간군상,1.0
인간부류,2.0
인간불신씹살자각,1.0
인간사,1.0
인간적,9.0
인간혐오,1.0
인거,8.0
인거겠쥐,1.0
인건,10.0
인걸,5.0
인격,6.0
인격살인,1.0
인격장애,1.0
인격장애자,1.0
인계,1.0
인공,2.0
인공눈물,1.0
인공지능,1.0
인과,3.0
인과관계,1.0
인구,3.0
인구비율,1.0
인구수가,1.0
인기,10.0
인내,1.0
인내심,1.0
인데,1.0
인도,1.0
인드라,1.0
인류,1.0
인류애,2.0
인만추,1.0
인맥,4.0
인맥정리,1.0
인물,3.0
인방,1.0
인버터,1.0
인버터형,1.0
인복,1.0
인사,17.0
인사치레,1.0
인삿말,1.0
인상,2.0
인생,69.0
인생관,1.0
인생무상,1.0
인생살이,1.0
인생살이너무힘들거깉아,1.0
인생영화,1.0
인생전체,1.0
인생조언,1.0
인생책,2.0
인생충고,1.0
인석,1.0
인성,3.0
인성문제,1.0
인센티브,1.0
인수,1.0
인수인계,1.0
인슐린,2.0
인스스,1.0
인스타,24.0
인스타보고,1.0
인스턴트,1.0
인시디어스,1.0
인식,3.0
인신,4.0
인신공격,2.0
인신모욕,2.0
인연,14.0
인원,2.0
인위,1.0
인위적인,1.0
인은,1.0
인의,1.0
인임,1.0
인정,26.0
인정욕,1.0
인정할,1.0
인줄,2.0
인증,5.0
인지,15.0
인척,5.0
인체,1.0
인체구조,1.0
인터,3.0
인터넷,10.0
인터닛,2.0
인턴,1.0
인테리어,2.0
인티,4.0
인티제,1.0
인팁,1.0
인프,1.0
인프제,10.0
인프제거,1.0
인프제고,1.0
인프제인,1.0
인프제지,1.0
인프피,32.0
인프피녀,1.0
인프피들,1.0
인프피상위권,1.0
인프피여자,1.0
인프피욕하,1.0
인프피임,1.0
인프피중,1.0
인픕,1.0
인픕피,1.0
인하,1.0
인하시드,1.0
인형,3.0
읺을때,1.0
일,277.0
일간,1.0
일거,1.0
일거수,1.0
일거수일투족,1.0
일게이,1.0
일과,5.0
일과도박,1.0
일관,1.0
일관성,1.0
일기,4.0
일기장,1.0
일꾼,1.0
일년,6.0
일년동안,1.0
일단,5.0
일대,1.0
일대일,1.0
일대일로,1.0
일도,3.0
일드,1.0
일때매,1.0
일때문,4.0
일로,2.0
일리,1.0
일리있음,1.0
일만큼,1.0
일말,1.0
일머리,1.0
일반,7.0
일반담배,1.0
일반사람,1.0
일반인,1.0
일반인여자,1.0
일반적,6.0
일반친구,1.0
일반화,6.0
일방적,1.0
일베,1.0
일베용어,1.0
일본,5.0
일부,3.0
일부분,1.0
일비,1.0
일상,24.0
일상보고,1.0
일상사회,1.0
일상생활,4.0
일상임,2.0
일상적,1.0
일상패턴,1.0
일생,1.0
일수,8.0
일수도,1.0
일시적,1.0
일안,1.0
일안하,1.0
일어,4.0
일어나라,1.0
일어남,1.0
일언반구,1.0
일요일,2.0
일요일중,1.0
일욕심,1.0
일욜,1.0
일용직,1.0
일으키기,1.0
일은,4.0
일의,3.0
일일,2.0
일일일,1.0
일임,3.0
일자,1.0
일자리,2.0
일자체,1.0
일적,12.0
일적얘기,1.0
일전,1.0
일절,1.0
일정,9.0
일정거리,2.0
일정수준,1.0
일정화,1.0
일제,2.0
일제시대,1.0
일종,2.0
일주일,19.0
일주일동안,1.0
일주일뒤,2.0
일주일만,1.0
일주일정도,1.0
일주일후,1.0
일중독,8.0
일중독자,3.0
일중독자임누,1.0
일지,1.0
일진,4.0
일진녀,1.0
일진애,1.0
일처리,3.0
일체,1.0
일체2,1.0
일치,2.0
일키,1.0
일터,1.0
일투족,1.0
일편,1.0
일하다,1.0
일회용,1.0
일희,1.0
일희일비,1.0
읽십,1.0
읽씹,32.0
읽씹1,1.0
읽씹나중,1.0
읽씹다음날,1.0
읽씹으,3.0
읽씹함,1.0
읽씹해,1.0
읽씹했,1.0
임,277.0
임ㅅㅂ,1.0
임금,3.0
임금체불,1.0
임기응변,1.0
임내가,1.0
임노잼,1.0
임대,1.0
임동,1.0
임상,1.0
임성,1.0
임수험생,1.0
임신,4.0
임안,1.0
임용,1.0
임용건,1.0
임원,1.0
임인,1.0
임일,1.0
임작년,1.0
임지,1.0
임티나,1.0
임항,1.0
입,30.0
입각,1.0
입꼬리,1.0
입꾹닫,2.0
입담,1.0
입대,2.0
입력,2.0
입마개,1.0
입맛,2.0
입문,1.0
입밖,3.0
입사,3.0
입사동기,1.0
입속,1.0
입술,2.0
입식,1.0
입식기독교인성,1.0
입원,2.0
입원했어도,1.0
입이,1.0
입장,29.0
입지,1.0
입학,2.0
잇,319.0
잇ㄴ음,1.0
잇갤,2.0
잇노,1.0
잇늬,1.0
잇티,101.0
잇티제,52.0
잇티제가,30.0
잇티제거등,1.0
잇티제남,1.0
잇티제남도,1.0
잇티제녀,3.0
잇티제도,6.0
잇티제랑,9.0
잇티제로,2.0
잇티제보,1.0
잇티제야,2.0
잇티제의,6.0
잇티제인,2.0
잇티제인걸,1.0
잇티제한테,3.0
잇티젠데,1.0
잇팁,104.0
잇팁갤,1.0
잇팁남,5.0
잇팁녀,10.0
잇팁분,1.0
잇팁아들,2.0
잇팁엣팁,2.0
잇팁여자어,1.0
잇팁이랑,1.0
잇팁인거,1.0
잇팁인걸,1.0
잇팁잇티,1.0
잇팁자식,1.0
잇팁친구,1.0
잇팁특,3.0
잇팁특징,1.0
잇팃남,1.0
잇프제,7.0
잇프제야,1.0
잇프피,9.0
잇프피같,1.0
잇프피녀,1.0
잇프피랑,1.0
잇프피여자,1.0
잇프피임호감,1.0
있거,1.0
있긴,1.0
있냐물리에,1.0
있노,5.0
있는,1.0
있는데인프피,1.0
있는데잇티제,1.0
있댔,1.0
있던가얘,1.0
있슴,1.0
있어,1.0
있으래,1.0
있음,134.0
있음ㅇㅇ,1.0
있음가게부,1.0
있음가족,1.0
있음객관적,1.0
있음결혼,1.0
있음나한테,1.0
있음내,2.0
있음말,1.0
있음무,1.0
있음밤,1.0
있음스타필드,1.0
있음어,1.0
있음예,1.0
있음정작,1.0
있음주제,1.0
있음평행선,1.0
잉푸,1.0
잉푸피,1.0
잌,2.0
잌ㅅ,1.0
잌데,1.0
자,29.0
자1,1.0
자1해,1.0
자각,1.0
자격증,3.0
자괴감,2.0
자국,1.0
자극,4.0
자극적,1.0
자기,234.0
자기개발,3.0
자기객관화,3.0
자기계,5.0
자기계발,5.0
자기관리,7.0
자기사람,1.0
자기사업,2.0
자기사진,1.0
자기소개,1.0
자기식,1.0
자기애,5.0
자기애무엇,1.0
자기애자체,1.0
자기자,1.0
자기자랑,1.0
자기자리,1.0
자기전,2.0
자기중심적,2.0
자기집,1.0
자기차로,1.0
자기회사,1.0
자녀,2.0
자대,2.0
자도,2.0
자동,2.0
자동우산,1.0
자동응답기,1.0
자동차,1.0
자동화,1.0
자두,1.0
자라온,1.0
자랑,17.0
자랑글,1.0
자랑안,1.0
자래,1.0
자로,1.0
자료,2.0
자리,23.0
자리차지,1.0
자립,2.0
자립지원금,1.0
자만,7.0
자만심,1.0
자만추,6.0
자만추도,1.0
자만추래,1.0
자본,1.0
자본1,1.0
자본2,1.0
자본3,1.0
자본4,1.0
자본5,1.0
자본6,1.0
자본7,1.0
자본8,1.0
자본9,1.0
자본주의,1.0
자부심,6.0
자비,1.0
자뻑,1.0
자살,3.0
자살률,1.0
자석,1.0
자세,2.0
자세잡기,1.0
자수성가,2.0
자슥,1.0
자식,9.0
자신,44.0
자신감,7.0
자신만이,1.0
자아,4.0
자아도취,2.0
자야,5.0
자야해,1.0
자역감이,1.0
자연,14.0
자연경관,1.0
자연미인,1.0
자연석,1.0
자연암벽,1.0
자연풍경,1.0
자영업,1.0
자영업자,2.0
자원,1.0
자원봉사모집,1.0
자위,3.0
자위질,1.0
자유,8.0
자유도,1.0
자유수영,1.0
자유연애,1.0
자의,1.0
자의식,1.0
자의적,1.0
자장가,1.0
자전거,10.0
자제,5.0
자제력,1.0
자제하라,1.0
자존,20.0
자존감,3.0
자존감도,4.0
자존감이,2.0
자존심,14.0
자존심상해,1.0
자존심세고,1.0
자존심싸움,1.0
자주,22.0
자주포,1.0
자중,1.0
자지,2.0
자지가,1.0
자찬,1.0
자책,2.0
자처,1.0
자청,1.0
자체,50.0
자체임,1.0
자체해결,1.0
자첸데,1.0
자취,3.0
자취중,1.0
자칭,1.0
자켓,1.0
자타,1.0
자폐,2.0
자학,3.0
자학루트,1.0
자학발언,1.0
자해,1.0
자행,1.0
자화,1.0
작,2.0
작가,2.0
작곡,1.0
작곡해봤서,1.0
작년,6.0
작년말,1.0
작년초,1.0
작동,1.0
작동되질,1.0
작별,1.0
작사,1.0
작성,3.0
작업,1.0
작용,1.0
작전,1.0
작정,2.0
작품,1.0
작하,1.0
잔,9.0
잔고,2.0
잔고캡,1.0
잔돈,1.0
잔소리,30.0
잔소리ㄷ,1.0
잔소리밖,1.0
잔소리임,2.0
잔소리잔소리,1.0
잔지,1.0
잖,3.0
잘,2.0
잘만,1.0
잘만내고,1.0
잘못,24.0
잘잘못,2.0
잘함얘,1.0
잠,21.0
잠1슈,1.0
잠5월달,1.0
잠깐,5.0
잠꼬대,1.0
잠수,12.0
잠수이별,3.0
잠수이별후,1.0
잠수탐,2.0
잠안,1.0
잠연락,1.0
잠재적,2.0
잡고,3.0
잡기,2.0
잡담,2.0
잡무,1.0
잡설,1.0
잡음,9.0
잡음나도,1.0
잡인,1.0
잡일,1.0
잡채,1.0
잣대,2.0
장,19.0
장거리,8.0
장거리여행,1.0
장거리연애,2.0
장과,1.0
장군,1.0
장기간,1.0
장기적,1.0
장난,17.0
장난ㄴ,1.0
장난감,1.0
장난꾸러기,1.0
장난끼,3.0
장난식,1.0
장난아,1.0
장남,1.0
장녀,1.0
장년층,1.0
장님,2.0
장단점,2.0
장담,2.0
장도,2.0
장르,1.0
장마,1.0
장마니,1.0
장면,4.0
장문,4.0
장문의,1.0
장미,2.0
장소,5.0
장시간,1.0
장악력,1.0
장애,5.0
장애물,1.0
장애자,1.0
장인,2.0
장전,1.0
장점,20.0
장점도,1.0
장점무리,1.0
장학금,1.0
재,13.0
재결합,1.0
재고,3.0
재기,1.0
재능,5.0
재떨이,1.0
재료,1.0
재미,15.0
재밋,3.0
재밋것,1.0
재밋구,1.0
재밌노,2.0
재밌으,1.0
재산,1.0
재수,3.0
재수라,1.0
재인,1.0
재정,1.0
재정자립,1.0
재질,3.0
재치,1.0
재회,18.0
재회불가,1.0
재회운,1.0
재회편,1.0
잭,1.0
잭스하,1.0
잼,34.0
잼민,1.0
잼민시절자타,1.0
잼버리,5.0
잼버리군,1.0
잼버리덕,1.0
잼잼잼,1.0
쟁,2.0
쟁점,1.0
쟁취,1.0
쟈,1.0
쟤,4.0
쟨,1.0
저,91.0
저거,3.0
저것,1.0
저격,1.0
저급,2.0
저기,4.0
저기압,1.0
저녁,18.0
저녁메뉴,1.0
저녁밥,5.0
저녁시간,1.0
저녁식사,1.0
저녁쯤,1.0
저능아,6.0
저능아새끼,1.0
저능아임,1.0
저돌적,1.0
저래,2.0
저런,1.0
저번,7.0
저의,1.0
저장,2.0
저장안,1.0
저주,5.0
저주임연인,1.0
저질,1.0
저질문,1.0
저쪽,1.0
저축,2.0
저하,2.0
저항,3.0
저해제,1.0
적,51.0
적개심,1.0
적거,1.0
적극,1.0
적극성,1.0
적극적,16.0
적극적여,1.0
적금,2.0
적기,2.0
적기때문,1.0
적당,1.0
적도,12.0
적령,1.0
적령기,2.0
적막,1.0
적성,4.0
적수,1.0
적용,5.0
적음6,1.0
적응,5.0
적인,11.0
적임,5.0
적있노,1.0
적자,2.0
적정,1.0
적정선,1.0
적중률,1.0
적지,1.0
적진,1.0
적치,1.0
전,136.0
전갈,1.0
전갈자리,1.0
전개,2.0
전공,7.0
전공자,1.0
전과,3.0
전과자도,1.0
전국,2.0
전국초등교사노조,1.0
전기,6.0
전기세,1.0
전기자전거,3.0
전기쪽,1.0
전기톱,1.0
전날,5.0
전날밤,1.0
전남ㅅ친,1.0
전남목포사람,1.0
전남사람,1.0
전남친,11.0
전남친내가,1.0
전념,1.0
전달,4.0
전담,2.0
전동,1.0
전동킥보드,1.0
전라,1.0
전라도,12.0
전락,2.0
전략,1.0
전략적,2.0
전립선,1.0
전문,1.0
전문가,4.0
전문가효율,1.0
전문직,4.0
전반적,3.0
전번,1.0
전부,6.0
전부가,1.0
전부임,1.0
전사,1.0
전사람,1.0
전산,1.0
전설,2.0
전설적,2.0
전세,3.0
전세계,1.0
전시,1.0
전시회,1.0
전애인,5.0
전엣티,1.0
전여,2.0
전여친,1.0
전역,6.0
전용,1.0
전자,3.0
전자담배,1.0
전자담배향,1.0
전자레인지,1.0
전자렌지,1.0
전쟁,1.0
전적,4.0
전전,2.0
전전계열,1.0
전전전,1.0
전전주,1.0
전전주딱이,1.0
전정거장,1.0
전제,5.0
전제잖,1.0
전제조건,1.0
전제하의,1.0
전주,6.0
전주딱이,1.0
전주한옥마을,1.0
전지,1.0
전직장,1.0
전쯤,2.0
전처,1.0
전철,1.0
전체,5.0
전체적,4.0
전통적,1.0
전투,1.0
전투상황,1.0
전파,1.0
전함,2.0
전형적,3.0
전화,60.0
전화공포증,1.0
전화로,1.0
전화번호,1.0
전화연락,1.0
전환,4.0
전회사,1.0
전후,1.0
절,39.0
절경,1.0
절대,34.0
절대선,1.0
절대아,1.0
절도,2.0
절반,2.0
절식,1.0
절식하라,1.0
절음,1.0
절제,1.0
절치,1.0
절친,1.0
젋,1.0
점,55.0
점1,2.0
점댓,1.0
점도,1.0
점멸,1.0
점수,2.0
점심,4.0
점애교,1.0
점접이,1.0
접근,6.0
접속,1.0
접이,2.0
접이식,1.0
접촉,1.0
정,42.0
정강이,1.0
정거장,1.0
정규,1.0
정규검사,1.0
정담,1.0
정답,3.0
정당성,1.0
정당화,1.0
정도,163.0
정도로,3.0
정도만,2.0
정도일때,1.0
정도임,3.0
정도임원랜,1.0
정독,2.0
정돈,4.0
정때문,1.0
정리,41.0
정리습관,1.0
정리정돈,3.0
정말,1.0
정말로,1.0
정반대,5.0
정반대라,1.0
정병,7.0
정병프레임,1.0
정보,9.0
정보량,1.0
정보수집,1.0
정복,2.0
정복욕,1.0
정상,10.0
정상인,1.0
정상임,3.0
정상적,1.0
정색,3.0
정서,1.0
정서자학,1.0
정서적,1.0
정석,1.0
정성,1.0
정수,1.0
정수기,2.0
정수기가,1.0
정숙,1.0
정식,3.0
정식검사,2.0
정신,20.0
정신과,2.0
정신과약복용중,1.0
정신나간년,1.0
정신병,3.0
정신병원,1.0
정신병원가기전,1.0
정신병자,5.0
정신상태,1.0
정신승리,2.0
정신연령,1.0
정신적,8.0
정신적바람,1.0
정신질환,1.0
정액,1.0
정외,1.0
정욕,1.0
정유정,2.0
정의,7.0
정의감,1.0
정이,2.0
정자,1.0
정작,10.0
정작별,1.0
정적,5.0
정제,1.0
정주,1.0
정줌,1.0
정직,3.0
정직원,1.0
정찰병,1.0
정책,1.0
정체,1.0
정치,11.0
정치공작,2.0
정치관,1.0
정치병자,1.0
정치성향,1.0
정치얘기,1.0
정치인,3.0
정치적,1.0
정치질,2.0
정치하겠노,1.0
정크,1.0
정크푸드,1.0
정할,1.0
정호,1.0
정호연,1.0
정화,1.0
정확,6.0
젖산,1.0
제,210.0
제가,66.0
제거,2.0
제고,3.0
제공,3.0
제다,1.0
제대,9.0
제도,12.0
제동,1.0
제때,1.0
제랑,26.0
제래,1.0
제로,10.0
제로고조,1.0
제로인,2.0
제면,2.0
제목,7.0
제보,1.0
제분,1.0
제비,1.0
제상,1.0
제시,5.0
제식,2.0
제안,6.0
제압,1.0
제야,4.0
제약,2.0
제어,1.0
제외,8.0
제위,1.0
제의,14.0
제인,16.0
제일,30.0
제일제일,1.0
제임스,1.0
제임스타운,1.0
제자리,1.0
제작,1.0
제조,1.0
제중,1.0
제짝,1.0
제출,1.0
제품,1.0
제하,1.0
제하노,1.0
제한,12.0
제호,1.0
젠,6.0
젠안,1.0
젠지,1.0
젤,4.0
젤리,1.0
젬,1.0
젬병임,1.0
젹,1.0
젺,1.0
졋,3.0
졌달,1.0
조,16.0
조각,6.0
조건,8.0
조건부,1.0
조금,26.0
조까치쓰넼,1.0
조까튼,1.0
조깥,1.0
조라,2.0
조라자살률,1.0
조련,1.0
조루,1.0
조리,1.0
조립,1.0
조목조목,1.0
조비,1.0
조사,3.0
조상,1.0
조선,2.0
조선시대,1.0
조선인,1.0
조선족,1.0
조성,2.0
조수석,2.0
조신,1.0
조심,18.0
조심하라,2.0
조아,2.0
조언,21.0
조언부탁,1.0
조오오온,1.0
조오온ㄴ,1.0
조용하,3.0
조율,1.0
조은,1.0
조작,3.0
조장,2.0
조절,3.0
조정,1.0
조조,1.0
조종,1.0
조증,1.0
조직,4.0
조짐,2.0
조차,3.0
조타,1.0
조프가의,1.0
조합,7.0
조현,2.0
조현병,1.0
조현진단,1.0
조화,1.0
족쇄,1.0
존,15.0
존경,1.0
존경심,2.0
존나게덥네미친,1.0
존못,1.0
존버해,1.0
존엄성,1.0
존예,1.0
존재,19.0
존재감,3.0
존중,13.0
존중해,1.0
졷,1.0
졷같아,1.0
졸업,5.0
좀,8.0
좃,3.0
종,7.0
종교,4.0
종교가,1.0
종교강요,1.0
종교적,1.0
종료,1.0
종류별,1.0
종말,1.0
종목,4.0
종목당,1.0
종속,1.0
종속관계,1.0
종아리,1.0
종원이,1.0
종이,2.0
종이빨대,1.0
종일,18.0
종자,1.0
종특,2.0
종특이,2.0
종특임,1.0
종합,2.0
종합적,1.0
좆,47.0
좆간지,1.0
좆같ㄷ,1.0
좆같노,1.0
좆극,1.0
좆냥,1.0
좆노잼,2.0
좆대로,2.0
좆목,2.0
좆박,2.0
좆반화,1.0
좆밥,1.0
좆병신,1.0
좆소부장,1.0
좆프피들,1.0
좉,1.0
좋겟,1.0
좋겟노,1.0
좋겠음얘,1.0
좋노,1.0
좋드,1.0
좋드라공모전,1.0
좋아함인프피갤가,1.0
좋어,1.0
좋으,1.0
좋으심7,1.0
좋은데엣티제,1.0
좋하꼰대같지,1.0
좌,1.0
좌우,2.0
좌우명이,2.0
좌파,1.0
죄,2.0
죄책감,2.0
죙,1.0
죙일,1.0
주,66.0
주가,1.0
주거,1.0
주고,22.0
주고안보,1.0
주관,4.0
주관적,5.0
주기,4.0
주기능,3.0
주기도,1.0
주기적,2.0
주노,1.0
주눅,1.0
주니,1.0
주도,5.0
주도적,1.0
주동안,1.0
주둥아리,1.0
주둥이,1.0
주딱이,2.0
주라,5.0
주량,1.0
주량이상,1.0
주력,1.0
주말,27.0
주말아침,2.0
주말약속,1.0
주말하루정도,1.0
주머니,1.0
주먹,2.0
주면,6.0
주문,3.0
주방,1.0
주방정리,1.0
주변,63.0
주변사람,4.0
주변애,1.0
주변인,6.0
주사,1.0
주선,1.0
주선자,1.0
주세,5.0
주셈,3.0
주소,1.0
주술,1.0
주술회전,1.0
주시,2.0
주식,3.0
주식얘기,1.0
주실,2.0
주실때,1.0
주심,2.0
주심2,1.0
주심8,1.0
주어,1.0
주옥,1.0
주위,10.0
주위사람,1.0
주의,14.0
주의경고내가,1.0
주의자,4.0
주인공,1.0
주일,2.0
주임,2.0
주자,3.0
주장,8.0
주장강,1.0
주저,1.0
주전,2.0
주제,17.0
주제가,1.0
주제곡,1.0
주제파악,1.0
주종,1.0
주종관계,1.0
주종목,1.0
주중,1.0
주지,2.0
주차,1.0
주차장,1.0
주체,1.0
주체적,1.0
주택,1.0
주파수,1.0
주효,1.0
죽,5.0
죽기,2.0
죽기각오,1.0
죽돌,1.0
죽음,3.0
준거,3.0
준비,20.0
준비중이,1.0
준비중인,1.0
준비태세,1.0
준수,2.0
준적,1.0
줄,74.0
줄2번,1.0
줄3번,1.0
줄4번,1.0
줄겸,1.0
줄알음,1.0
줄요약,1.0
줄정리,1.0
줄카,1.0
줌,40.0
줌4,1.0
줌내가,1.0
줌보통,1.0
줌하루,1.0
줌허세만,1.0
줏대,2.0
중,152.0
중2,1.0
중간,9.0
중간관리자,1.0
중간중간,1.0
중거리,2.0
중견,1.0
중계,1.0
중고,1.0
중고차,1.0
중고품,1.0
중국,1.0
중국쪽,1.0
중난,1.0
중단,1.0
중독,13.0
중독자,7.0
중딩,1.0
중딩때,2.0
중립,2.0
중반,7.0
중반정도,1.0
중산층,1.0
중선배,1.0
중순,1.0
중시,4.0
중시하다,1.0
중실용적,1.0
중심,3.0
중심적,5.0
중예전,1.0
중요,46.0
중요도,1.0
중요성,1.0
중요시,6.0
중요하다,1.0
중위,2.0
중이,13.0
중인,8.0
중인데,1.0
중인디,1.0
중일,1.0
중임,5.0
중자,1.0
중자기입,1.0
중질문,1.0
중책,1.0
중최거명작,2.0
중추,1.0
중추신경,1.0
중학교,2.0
중학생,2.0
중학생때,1.0
중한,1.0
중형,1.0
중형정도,1.0
줜,1.0
줫,3.0
줫망,2.0
줬노,1.0
줬으,1.0
줬으ㅁ,1.0
줭,4.0
쥐,1.0
쥐구멍,1.0
쥐뿔,1.0
쥐약,1.0
쥬,4.0
쥬의,1.0
쥰,2.0
쥰내,1.0
즁,1.0
즈,3.0
즈그고향,1.0
즈믹,1.0
즉시,1.0
즉흥적,1.0
즌라,1.0
즐거움,2.0
즘,3.0
즙,2.0
즙짬,1.0
증,5.0
증거,2.0
증명,1.0
증상,1.0
증진,1.0
증후군,1.0
지,83.0
지가,29.0
지각,5.0
지간,1.0
지간장치킨,1.0
지게,4.0
지게차,1.0
지게차기능사도,1.0
지게차로,1.0
지겨움,1.0
지경,1.0
지고,3.0
지고지순,1.0
지고지순타입,1.0
지구,2.0
지구에어컨,1.0
지그,1.0
지금,74.0
지금20,2.0
지금계획,1.0
지금상황,1.0
지금음,1.0
지금쯤,1.0
지기,7.0
지꼬,1.0
지나규,1.0
지나이,1.0
지난날,1.0
지남,1.0
지남나름,1.0
지네,4.0
지노,1.0
지능,13.0
지능낮,1.0
지대,2.0
지도,7.0
지듣개좋노,1.0
지듣노,4.0
지듣노사신,1.0
지듣또백넘버,1.0
지듣일,1.0
지들,1.0
지들혼자,1.0
지뜩,1.0
지라,1.0
지랄,25.0
지랄병,1.0
지랄인,1.0
지랄임,1.0
지랄지랄,1.0
지랑,2.0
지려,1.0
지로,1.0
지룡,1.0
지름,1.0
지리,2.0
지망,1.0
지면,2.0
지목,1.0
지문,1.0
지방,6.0
지방간,1.0
지방간오고,1.0
지방사립대가야,1.0
지방전환,1.0
지배,2.0
지배자,1.0
지복,1.0
지분,1.0
지불,1.0
지사,1.0
지상,1.0
지상파라,1.0
지생각,1.0
지성,2.0
지속,2.0
지수,2.0
지순,2.0
지시,5.0
지시사항,1.0
지식,3.0
지식수준,1.0
지식욕,1.0
지양,1.0
지얘기,1.0
지에,4.0
지에사람대,1.0
지역,9.0
지역감정,1.0
지역내,1.0
지역특성,1.0
지엽적,1.0
지옥,3.0
지욕,1.0
지원,2.0
지원금,1.0
지위,1.0
지인,25.0
지인1이,1.0
지인남자약,1.0
지인사이,1.0
지입,1.0
지입장,1.0
지자,2.0
지잡인데,1.0
지장,4.0
지재,1.0
지적,18.0
지적능력,1.0
지적도,1.0
지적질,1.0
지점,1.0
지조,1.0
지주,1.0
지지,4.0
지지배,1.0
지진,2.0
지질,3.0
지참,1.0
지치,1.0
지침,1.0
지켯,1.0
지키기,1.0
지평선,2.0
지하,2.0
지하상가,1.0
지하철,4.0
지하철안,1.0
지하철역,2.0
지향,5.0
지혜,1.0
지혼,1.0
지혼자,2.0
직,10.0
직관,3.0
직관적,1.0
직관형,1.0
직구,4.0
직군,1.0
직급,2.0
직딩,1.0
직렬,1.0
직선적,3.0
직설적,8.0
직설적임,1.0
직성,1.0
직속,2.0
직언,1.0
직업,11.0
직업적,1.0
직업흥미검사,1.0
직원,20.0
직원1,1.0
직원10명중,1.0
직위,1.0
직장,54.0
직장내,1.0
직장동료,12.0
직장동료새벽,1.0
직장상사,1.0
직장생활,2.0
직장선배,1.0
직장인,3.0
직장인임작년,1.0
직장일,1.0
직전,5.0
직접적,3.0
직종,1.0
직진,16.0
직진남,1.0
직진녀,1.0
직진안,1.0
직진임,3.0
직함,1.0
진,12.0
진건,1.0
진격,1.0
진국,2.0
진년,1.0
진단,3.0
진담,2.0
진답,1.0
진답시고,1.0
진도,4.0
진드기,1.0
진로,2.0
진리,3.0
진리임,1.0
진면목,1.0
진소리,1.0
진스,1.0
진실,5.0
진심,41.0
진심으러,1.0
진안,1.0
진입,2.0
진자,2.0
진전,1.0
진정,5.0
진중,1.0
진지,7.0
진지글,1.0
진지충,3.0
진짜,66.0
진짜임,1.0
진짜팩,2.0
진학률,1.0
진화,1.0
질,7.0
질문,87.0
질문1,1.0
질문2,1.0
질문3집착,1.0
질문글,1.0
질문대화주제가,1.0
질문올림ㅠ,1.0
질문폭격기,2.0
질병,1.0
질색,2.0
질색임,1.0
질수록,1.0
질책,1.0
질타,1.0
질투,18.0
질투남,1.0
질투유발,2.0
질해,1.0
질환,1.0
짐,62.0
짐2,1.0
짐군대,1.0
짐내가,3.0
짐반면,1.0
짐선,1.0
짐숫자,1.0
짐승,1.0
짐승새끼,1.0
짐얘,1.0
짐치사하다,1.0
짐허세가,1.0
집,90.0
집가야,1.0
집감,1.0
집구석,1.0
집단,3.0
집데이트,1.0
집도,2.0
집돌,1.0
집돌이,4.0
집세,1.0
집세개념,1.0
집순,5.0
집안,3.0
집안사정,1.0
집안일,2.0
집앞,2.0
집엘,1.0
집중,20.0
집중도,1.0
집착,18.0
집착심,1.0
집콕,1.0
집필,1.0
집필활동,1.0
집합소,1.0
짓,18.0
짓거리,2.0
짓거림,1.0
짓안,1.0
징,2.0
징조,1.0
징조라,1.0
징징,1.0
짜장면,1.0
짜증,13.0
짜증남,1.0
짜증남근데,1.0
짜증내면,1.0
짜증내하,1.0
짝,24.0
짝ㄴ,2.0
짝남,17.0
짝남친구,1.0
짝녀,1.0
짝사랑,13.0
짝사랑중이,1.0
짧으,1.0
짬,8.0
짬내서,1.0
짬뽕,1.0
짭이,1.0
짭티,3.0
짭티제,1.0
짭티제들,2.0
짱,6.0
짱남,1.0
짱친,1.0
쩌겠,1.0
쩌겠노,1.0
쩡,1.0
쪼끄,1.0
쪼끄매서공견본,1.0
쪽,22.0
쪽임,2.0
쪽지,1.0
쫌생이,1.0
쫑,2.0
쭈우,1.0
쭈우우우,1.0
쭈쭈,1.0
쭈쭈바,1.0
쮸압쮸압,1.0
쯤,7.0
쯧,1.0
쯧니,1.0
찌,5.0
찌개,1.0
찌와,1.0
찜,3.0
찜덤,1.0
찝적,1.0
찝적대,1.0
차,58.0
차가,2.0
차고,1.0
차곡히,1.0
차단,25.0
차단만큼,2.0
차단박,1.0
차단안,1.0
차단한번,1.0
차량,1.0
차례,1.0
차로,4.0
차림,1.0
차림새,1.0
차별,1.0
차비,1.0
차여,3.0
차원,1.0
차이,34.0
차이구독,1.0
차이기만,1.0
차이나,2.0
차이점,7.0
차이점1,1.0
차이점공통점1,1.0
차인,6.0
차인거,1.0
차임,5.0
차있음,1.0
차지,2.0
차타고,1.0
차한잔,1.0
차할부,1.0
착,1.0
착각,14.0
착각병환자,2.0
착각중인,1.0
착실함,1.0
착오,1.0
찬,4.0
찬가,1.0
찬공,1.0
찬물,1.0
찬사람,1.0
찰나,2.0
찰떡,1.0
참,3.0
참가,1.0
참견,2.0
참고,23.0
참새,1.0
참석,2.0
참여,4.0
참지,1.0
참한,1.0
찹쌀떡,1.0
창,3.0
창녀,1.0
창녀기질,1.0
창대,1.0
창문,2.0
창의,2.0
창의력,1.0
창의성에,1.0
창자,1.0
창작,1.0
창피,1.0
채,8.0
채널,2.0
채로,3.0
채운,1.0
채주,1.0
채찍,1.0
채팅,2.0
책,10.0
책상,4.0
책읽기,1.0
책임,7.0
책임감,10.0
책임부분,1.0
책임자,1.0
챗바퀴같,1.0
챙,3.0
챙김,3.0
처,12.0
처녀,2.0
처녀엿으,1.0
처럼,3.0
처리,6.0
처방,1.0
처세술,1.0
처우,1.0
처음,72.0
처음만남,1.0
처음봄,1.0
처음연락,1.0
처음임,1.0
처절,1.0
척,22.0
척도,1.0
척살,1.0
척함,1.0
척함ㅅㅂ,1.0
천,10.0
천만,2.0
천만원,1.0
천보,1.0
천사,4.0
천사분,1.0
천생,2.0
천생연분,2.0
천성,3.0
천오백,1.0
천오백이상,1.0
천외,1.0
천외천이,1.0
천이,1.0
천일,1.0
천지,6.0
천지더,1.0
천지임,1.0
천직,1.0
철,1.0
철벽,7.0
철저,2.0
철학,1.0
철회,1.0
첨,12.0
첨부,4.0
첨한,1.0
첫날,1.0
첫눈,2.0
첫인상,5.0
첫째,1.0
청,2.0
청개구리,1.0
청개구리쉌,1.0
청년,6.0
청년적금,1.0
청년지원프로그램,1.0
청도,1.0
청소,7.0
청소함,1.0
청순,3.0
청와대,1.0
청원,1.0
청정기,1.0
체,1.0
체감,2.0
체감도,1.0
체감온도,1.0
체계,2.0
체계적,1.0
체념,2.0
체능,2.0
체대,1.0
체대준비,1.0
체력,7.0
체력단련장,1.0
체력저하,1.0
체력회복,1.0
체면,1.0
체면차림,1.0
체불,2.0
체인,1.0
체인소,1.0
체인소맨,1.0
체인소맨처음,1.0
체적,1.0
체제,1.0
체중,2.0
체크,3.0
체크리스트,1.0
체크리스트라도,1.0
체형,4.0
첸,1.0
초,18.0
초고속,1.0
초기,4.0
초단,1.0
초단위,1.0
초대,2.0
초동안,1.0
초등,1.0
초등학생,1.0
초딩,5.0
초딩들,1.0
초딩때,2.0
초라,1.0
초록,1.0
초록불,1.0
초록색,1.0
초면,3.0
초반,22.0
초안,1.0
초인종,1.0
초전도,1.0
초전도혁,1.0
초점,3.0
초초,1.0
초치,1.0
초콜렛,2.0
초콜렛케이크,1.0
초파남,1.0
촉,2.0
촉감,1.0
촌,1.0
촌철,2.0
촌철살인,2.0
총,2.0
총대,1.0
총독,1.0
총량,1.0
총의,1.0
총의악마,1.0
총출동,1.0
총합,1.0
최,6.0
최강,2.0
최강자,2.0
최고,29.0
최고봉,1.0
최고임,3.0
최고조,1.0
최고효율,1.0
최근,33.0
최단,1.0
최단시간,1.0
최대,4.0
최대치,3.0
최대한,9.0
최상,1.0
최상위권,1.0
최선,8.0
최소,5.0
최소한,7.0
최소한번은,1.0
최악,6.0
최연소,1.0
최적,1.0
최적화,2.0
최전방,1.0
최전선,1.0
최종적,1.0
쵝,1.0
쵝오,1.0
추,9.0
추가,4.0
추가설명,1.0
추가하다,1.0
추구,9.0
추노,1.0
추대,1.0
추도,1.0
추래,1.0
추론,1.0
추상적,2.0
추악,1.0
추어탕,1.0
추억,5.0
추임새,2.0
추적,2.0
추적추적,1.0
추정,3.0
추종,1.0
추진력,3.0
추천,17.0
추천부탁,1.0
추측,4.0
추후,1.0
축구,1.0
축도,1.0
축소,1.0
축적,1.0
축제,1.0
축하,3.0
출구,1.0
출국,1.0
출근,15.0
출근길,1.0
출근시간,2.0
출력,1.0
출산,1.0
출산율,1.0
출소,1.0
출신,2.0
출연,2.0
출장,3.0
출퇴근,1.0
출하,1.0
춤,2.0
충,11.0
충격,5.0
충고,4.0
충돌,2.0
충동,1.0
충동적,2.0
충만,1.0
충실,1.0
충전,3.0
충전잭,1.0
충족,4.0
충족감,1.0
충청도,1.0
충치,1.0
충치균,1.0
취,3.0
취급,12.0
취마생활,1.0
취미,24.0
취미공유,1.0
취미생활,8.0
취미활동,1.0
취소,4.0
취업,7.0
취업자리,1.0
취업할려,1.0
취준생,1.0
취중,2.0
취중진담,2.0
취직,2.0
취침,1.0
취침주말,1.0
취향,15.0
췩,3.0
츄,1.0
츄리링,1.0
츠,2.0
츠동,1.0
측,1.0
측두엽,1.0
측면,3.0
측정,2.0
츤,1.0
츤데레,1.0
츤데레같,1.0
츤데레평소,1.0
치,2.0
치가,1.0
치기,1.0
치료,1.0
치료법,1.0
치마,1.0
치만,2.0
치매,1.0
치명타,1.0
치부,1.0
치사,1.0
치아,1.0
치아교정,1.0
치안,1.0
치우,1.0
치장,1.0
치즈,2.0
치즈볼,1.0
치질,2.0
치킨,8.0
치토,1.0
치화면,1.0
친,56.0
친구,274.0
친구관계,1.0
친구누,1.0
친구들,5.0
친구목록,2.0
친구목록속,2.0
친구무리,1.0
친구사이,3.0
친구사이인,1.0
친구새끼,3.0
친구인줄,1.0
친구임고등학교,1.0
친구중,1.0
친군,1.0
친군데,1.0
친동생,1.0
친목,1.0
친목라인,1.0
친밀감,4.0
친분,2.0
친일파,2.0
친절,13.0
친절업무,1.0
친절하대,1.0
친정집,1.0
친지,1.0
친척,2.0
친화력,1.0
칠,2.0
칠팔만원,1.0
침,14.0
침대,8.0
침묵,3.0
침수,1.0
침착,2.0
침투,1.0
침투했노,1.0
침팬지,1.0
침해,1.0
칭찬,23.0
칭찬글,1.0
칭찬밀,1.0
칭찬바라기본인,1.0
칭찬이야기,1.0
카,46.0
카나,1.0
카드,5.0
카드값,2.0
카라큘라,1.0
카르마,1.0
카리스마,1.0
카스,1.0
카스테라,1.0
카시,1.0
카시앞,1.0
카운트,4.0
카지노,1.0
카카오,1.0
카톡에,1.0
카톡으,16.0
카톡으로,4.0
카페,10.0
카펫,1.0
카필라,1.0
카필라노,1.0
칼,15.0
칼답,4.0
칼로리,4.0
칼로리카운트,1.0
칼바람,2.0
칼부림,1.0
칼잡이,1.0
캉스,2.0
캐릭,2.0
캐스팅,1.0
캐치,2.0
캔,3.0
캔커피,1.0
캘린더,1.0
캡,3.0
캡처,1.0
캬,3.0
커리어,1.0
커리어적인,1.0
커뮤,1.0
커뮤니티,6.0
커버,2.0
커버칠려,1.0
커브,3.0
커서,2.0
커서요구,1.0
커플,7.0
커플이날,1.0
커피,13.0
커피나,1.0
커피디,1.0
커피컵,1.0
커피쿠폰,1.0
커피한잔,1.0
컨디션,3.0
컨셉,1.0
컨텐츠,1.0
컨트롤,6.0
컨트롤프릭,1.0
컬러,1.0
컴,1.0
컴퓨터,3.0
컴플렉스,1.0
컵,2.0
컷,2.0
컷하심,1.0
케바케,1.0
케어,2.0
케이,1.0
케이스,7.0
케이스임,2.0
케이스친구일,1.0
케이크,3.0
케이팝,1.0
케익,1.0
케인,2.0
케하,1.0
케하노,1.0
케했,1.0
케했노,1.0
켄,1.0
켄간아수라,1.0
켠,1.0
켯,1.0
코,24.0
코걸이,1.0
코골음1,1.0
코끼리,1.0
코드,3.0
코드입력,1.0
코디,1.0
코라떼,1.0
코로나,4.0
코리아,1.0
코멘트,1.0
코미디,3.0
코미디쇼,1.0
코수술,1.0
코스터,1.0
코스프레,5.0
코어,1.0
코인,2.0
코즈믹호러,1.0
코초,1.0
코파이,1.0
콕,1.0
콘,6.0
콘서트,3.0
콜,1.0
콜레스테롤,1.0
콜백,1.0
콤,1.0
콤보,1.0
콤쌉,1.0
콤플렉스,2.0
콤플렉스라,1.0
콧구멍,1.0
콧노래,1.0
콧대,1.0
콧물,1.0
콩,2.0
콩팥,1.0
쾌감,6.0
쾌인,1.0
쿠션,1.0
쿠폰,1.0
퀄리티,1.0
크기,5.0
크러스트,2.0
크레아틴,1.0
크로키,1.0
크리스탈,1.0
크림,6.0
크립,1.0
크보,1.0
크하,1.0
큰소리,2.0
큰일,1.0
클라우드,1.0
클러치,1.0
클럽,6.0
클릭,2.0
클릭전,1.0
키,63.0
키185,1.0
키나이차이,1.0
키노바,16.0
키로,8.0
키배,2.0
키보드,2.0
키스,4.0
키스하다,1.0
키워드,1.0
키코,1.0
킥,2.0
킵해주,1.0
킹,9.0
킹엠벼,1.0
타,24.0
타가,8.0
타거,1.0
타고,4.0
타다가,1.0
타령,1.0
타로,3.0
타면,2.0
타운,1.0
타유형,6.0
타의,1.0
타이밍,3.0
타이틀,1.0
타인,13.0
타인의,1.0
타일,1.0
타임,3.0
타입,25.0
타입임,2.0
타자,1.0
타지,2.0
타지생활,1.0
타지역,1.0
타투,1.0
타협,4.0
탄,1.0
탄글,1.0
탄면,1.0
탄산,2.0
탄산음료,2.0
탄수화물,2.0
탆,1.0
탈,11.0
탈거,1.0
탈것,1.0
탈락,1.0
탈모,4.0
탈주,2.0
탈출,6.0
탈케어,1.0
탈피,1.0
탐,7.0
탐구,2.0
탐방,2.0
탐색,2.0
탐지기,1.0
탑,2.0
탑임,1.0
탓,9.0
탕,1.0
탕수육,2.0
탕슉,1.0
태,5.0
태교,1.0
태도,10.0
태릉선수촌,1.0
태반,1.0
태생,3.0
태세,2.0
태연,1.0
태클,1.0
태풍,16.0
태풍온대,1.0
태풍조심,1.0
택,1.0
택1,1.0
택배,3.0
택시,1.0
택시비,1.0
택시타고,1.0
탣,1.0
탱,3.0
탸,1.0
터,54.0
터부모님,1.0
터지면,1.0
터치,3.0
터프,1.0
터프박력남,1.0
턱걸이,1.0
턴지,1.0
털,1.0
텀,18.0
텃밭,1.0
텃밭이야기,1.0
테,61.0
테니스,2.0
테도,1.0
테라,1.0
테러,1.0
테스트,14.0
테이블,1.0
테이크,2.0
테이프,1.0
테크,3.0
텐션,5.0
텔비,1.0
토,6.0
토기,1.0
토끼,1.0
토대,1.0
토론,7.0
토마토,4.0
토막,1.0
토요일,3.0
토익,1.0
토치,1.0
토크,7.0
토파,1.0
톡에,1.0
톡으,1.0
톡을,1.0
톡프사,1.0
톤,1.0
톧,1.0
통,14.0
통계,1.0
통과,1.0
통념,1.0
통도,2.0
통보,3.0
통보해,1.0
통상,1.0
통성명,1.0
통장,2.0
통제,13.0
통제가능,1.0
통제성향,1.0
통제욕,2.0
통찰,7.0
통찰력,1.0
통채로,1.0
통쾌,1.0
통쾌하다,1.0
통피,3.0
통피인,1.0
통합,2.0
통해,5.0
통행,1.0
통화,15.0
통화내용중,1.0
퇴,6.0
퇴근,42.0
퇴근1시간전,1.0
퇴근시간,2.0
퇴근하고,1.0
퇴근하래,1.0
퇴근후,1.0
퇴사,7.0
퇴사함2,1.0
퇴원,1.0
퇴치,1.0
투,5.0
투고,1.0
투기,1.0
투기종목,1.0
투명,1.0
투영,1.0
투자,5.0
투자안,1.0
투자하면,1.0
투잡,1.0
투정,2.0
투표,1.0
툭튀,1.0
툰,3.0
튀김,2.0
튀튀,1.0
튜버,2.0
튜브,9.0
튭,2.0
트까,1.0
트라,1.0
트라우마때문,1.0
트러블,2.0
트럭,1.0
트레킹,1.0
트렌드,3.0
트로피,4.0
트리트먼트,1.0
트임,1.0
트집,3.0
트집추,1.0
특,19.0
특권,1.0
특별,12.0
특별대우,1.0
특별하다,2.0
특성,15.0
특성상,1.0
특유,2.0
특은,1.0
특이,9.0
특이취향,1.0
특인지,1.0
특임,3.0
특정,7.0
특정과목,1.0
특정부분,1.0
특정체형,1.0
특징,47.0
특징1,1.0
특화,1.0
틀,10.0
틀니,1.0
틀니딲딲,1.0
틀림,1.0
틈,6.0
틈틈히,3.0
티,697.0
티나,2.0
티내고엔티,1.0
티내기,1.0
티내도,1.0
티내면,2.0
티내야,1.0
티리온,1.0
티비,2.0
티셔츠,1.0
티스,1.0
티스트라,1.0
티아이,1.0
티안,2.0
티안나지,1.0
티안내,2.0
티원파이팅,1.0
티자,1.0
티제,8.0
티제가,3.0
티제녀,1.0
티제다,1.0
티제랑,1.0
티제인데,2.0
티젠데,2.0
티존,1.0
티키,17.0
틱,2.0
틱틱,3.0
틱틱대면,1.0
틱틱댐,2.0
팀,7.0
팀웍,1.0
팀원,6.0
팀원분,1.0
팀장,4.0
팀플,2.0
팁,185.0
팁남,2.0
팁녀,1.0
팁최고,1.0
팃,1.0
팅,24.0
파,13.0
파고,1.0
파괴,2.0
파국,8.0
파국5,1.0
파국임,1.0
파기,2.0
파기백곱,1.0
파기백은,1.0
파라,1.0
파랑,1.0
파스타,1.0
파악,18.0
파오후,2.0
파우치,1.0
파워,5.0
파이,2.0
파존,1.0
파크,1.0
파킨슨,1.0
파토,7.0
파토내고,2.0
파트,1.0
파트너,3.0
파트알바임,1.0
파파고,1.0
판,6.0
판결,1.0
판단,25.0
판단기준,1.0
판단답정,1.0
판단력,2.0
판단바래,1.0
판도라,1.0
판매,1.0
판매집안일,1.0
판명,1.0
판사,2.0
판타지,1.0
판타지는,1.0
팔,9.0
팔꿈치,1.0
팔뚝,1.0
팔로,5.0
팔로우,1.0
팔로워,2.0
팔취소,1.0
팝,1.0
팟,3.0
패,10.0
패드,1.0
패드립,2.0
패드립엔딩,1.0
패드립정도,1.0
패딩,1.0
패배자,3.0
패션,3.0
패션잇팁,1.0
패스,13.0
패스적지,1.0
패시브이,1.0
패치,1.0
패턴,12.0
패턴임,1.0
팩,12.0
팩트,7.0
팩트로,1.0
팩폭,4.0
팩폭2,1.0
팩폭부탁,1.0
팬,2.0
팬지랄,1.0
퍄,1.0
퍼센트,2.0
퍼스널,2.0
퍼스널컬러,1.0
펀치,1.0
페,5.0
페르,2.0
페르소나,1.0
페르시안밀,1.0
페미,2.0
페미니스트,1.0
페북,1.0
페스,1.0
페스토파스타,1.0
페시브,1.0
페이스,1.0
펙,2.0
펙트,1.0
펜,1.0
펨섭,1.0
편,112.0
편견,5.0
편내가,1.0
편담배,1.0
편리성,1.0
편안,13.0
편안하다,1.0
편의,1.0
편의점,4.0
편의점알바,1.0
편이,3.0
편이기도,1.0
편이라쟤,1.0
편이여,1.0
편인,1.0
편인데,1.0
편인데잇티제남,1.0
편임,3.0
편임1개,1.0
편임단순,1.0
편임상대방,1.0
편지,7.0
편집,2.0
편집샵꺼,1.0
편향,1.0
편협,1.0
평,4.0
평가,12.0
평균,8.0
평균내면,1.0
평균외모,2.0
평균이하정도,1.0
평균적,1.0
평등,1.0
평범,2.0
평범남,1.0
평상시,2.0
평생,11.0
평소,42.0
평소이미지,1.0
평온,1.0
평일,2.0
평판,3.0
평판임,1.0
평행선,1.0
평화,2.0
폐,4.0
폐가,1.0
폐가탐방,1.0
폐관,1.0
폐관수련,1.0
폐급,2.0
폐급련들,1.0
폐쇄적,1.0
폐영식,1.0
폐하,1.0
포,4.0
포기,24.0
포기함,1.0
포기해,2.0
포만감,1.0
포샵감안,1.0
포스트잇,1.0
포용,1.0
포인트,12.0
포인트하나,1.0
포자,1.0
포장,3.0
포지션,2.0
포차,1.0
포착,1.0
포치,1.0
포켓볼,1.0
포탈,1.0
포함,7.0
폭,9.0
폭격기,3.0
폭락,1.0
폭력,3.0
폭력적,2.0
폭로,2.0
폭발적,1.0
폭언,1.0
폭염,1.0
폭주,2.0
폭주기관차임,1.0
폭증백프로,1.0
폭풍,4.0
폭행,1.0
폰,9.0
폴트,6.0
폼,1.0
표,7.0
표기,1.0
표독,1.0
표래,1.0
표면적,4.0
표본,3.0
표시,11.0
표정,14.0
표정관리,3.0
표정호흡목소리,1.0
표출,1.0
표현,65.0
표현도,2.0
표현력,1.0
푸념,2.0
푸드,1.0
푸딩,1.0
푸딩빙수,1.0
푸르팁스,1.0
풀칠,1.0
품,1.0
품질,1.0
풍경,1.0
퓨ㅠ,1.0
프,79.0
프단,1.0
프라이,2.0
프랑,1.0
프레쉬,1.0
프레임,4.0
프로,15.0
프로그램,1.0
프로젝트,2.0
프로필,6.0
프로필도,1.0
프리,1.0
프리랜서,3.0
프리랜서하다,1.0
프리스타일,1.0
프릭,1.0
프뮤,1.0
프사,4.0
프제,4.0
프제들,1.0
프제인데,1.0
프피,18.0
프피고,1.0
프피남자,1.0
프피녀,2.0
프피때문,1.0
프피새끼,1.0
프피여자,1.0
플,28.0
플라스틱,1.0
플러스,2.0
플러스엣티,1.0
플러팅,23.0
플러팅멘트,1.0
플러팅장인,1.0
플레이,2.0
플레이보이,1.0
플릭스,1.0
플립5삿,1.0
플필,1.0
픕,1.0
피,81.0
피고,3.0
피곤,33.0
피곤하다,5.0
피곤하면,1.0
피년,1.0
피드,1.0
피드백,3.0
피력,1.0
피로,2.0
피방,2.0
피부,3.0
피상적,1.0
피시,3.0
피시방,3.0
피씨방,3.0
피아노,2.0
피어싱,1.0
피의,1.0
피의자로,1.0
피인,2.0
피임,4.0
피자,4.0
피죽,1.0
피지,1.0
피터,1.0
피터지게,1.0
피티시간,1.0
피파,1.0
피해,10.0
피해라,1.0
피해망상,2.0
피해의식,1.0
피해의식일수,1.0
피해자,6.0
피해자인척,1.0
피해자코스프레,1.0
피화,1.0
핀트,1.0
필,9.0
필도,1.0
필독,2.0
필드,1.0
필수,2.0
필수라,1.0
필수이상형,1.0
필연적,2.0
필요,53.0
필요성,3.0
필요조건,1.0
필요하다,1.0
필터,5.0
필터링,3.0
필패공식,1.0
핑계,11.0
핑퐁,2.0
핑퐁핑퐁,1.0
하,56.0
하개,1.0
하갰,1.0
하거덩,1.0
하겠,1.0
하고자,1.0
하교,1.0
하기,9.0
하나,122.0
하나1,1.0
하나님,2.0
하나도,1.0
하나둘셋,1.0
하나만,2.0
하나봄목표,1.0
하나하나,3.0
하냐누,1.0
하네인프피혐오,1.0
하노,5.0
하눈,1.0
하눈데,1.0
하느,1.0
하느데,1.0
하는거잖,2.0
하늘,3.0
하능,2.0
하니,3.0
하닝,1.0
하다,92.0
하다얼마전,1.0
하다하다,1.0
하단,1.0
하대,3.0
하더,1.0
하더라걔,1.0
하드,2.0
하드웨어,1.0
하등,1.0
하라,10.0
하락,2.0
하락장,1.0
하래,2.0
하려,8.0
하려다가정보,1.0
하루,49.0
하루동안,1.0
하루이틀,1.0
하루종일,15.0
하루하루,3.0
하면,48.0
하면서,30.0
하면서성격,1.0
하반기,2.0
하세,3.0
하소,2.0
하소연,4.0
하심,2.0
하심2,1.0
하심5,1.0
하아,11.0
하아언조비카,1.0
하않,1.0
하에,2.0
하위,1.0
하위유형,1.0
하은,1.0
하의,2.0
하이,4.0
하이라이트,1.0
하이라이트0,1.0
하이여,2.0
하이톤,1.0
하자,13.0
하자몸무게,1.0
하주,1.0
하지,5.0
하지마라진심,2.0
하지마세,1.0
하지하,1.0
하트,7.0
하트누르기2,1.0
하트시그널,1.0
하트임티,1.0
하트표시,1.0
하품,1.0
하프,1.0
하하하,1.0
학,3.0
학과,2.0
학교,19.0
학교기도,1.0
학교친구,1.0
학기,3.0
학년,3.0
학대,1.0
학력,2.0
학벌,2.0
학부,1.0
학부모,1.0
학생,4.0
학생때,1.0
학습,2.0
학식,2.0
학신봉,1.0
학업,3.0
학업때문,1.0
학업성취도,1.0
학연,1.0
학원,3.0
학자금,1.0
학점,2.0
학지게,1.0
학창,4.0
학창시절,4.0
학파,1.0
한,15.0
한가지,1.0
한강,1.0
한강데이트,1.0
한계,4.0
한곳,1.0
한국,13.0
한국여행,1.0
한군데,2.0
한글,1.0
한녀,2.0
한눈,1.0
한대,2.0
한데,13.0
한데부담,1.0
한데엣티제들,1.0
한동,2.0
한동안,2.0
한동훈,2.0
한때,1.0
한라산,1.0
한마디,13.0
한말,1.0
한명,6.0
한명씩있거든얘네,1.0
한몫,1.0
한번,62.0
한번만이,1.0
한번정도,1.0
한번차이,1.0
한살,1.0
한순간,1.0
한시간,3.0
한시간뒤,1.0
한옥,1.0
한일간,1.0
한자,1.0
한잔,8.0
한잔하자,1.0
한정,6.0
한정적,1.0
한지,1.0
한진,1.0
한쪽,2.0
한참,2.0
한통,4.0
한판,1.0
한편,3.0
한편임,1.0
한풀이,1.0
한풀이겸,1.0
한해,1.0
할,1.0
할거,13.0
할겟,1.0
할까잇티제,1.0
할렐루야,1.0
할려,2.0
할매,4.0
할머니,3.0
할부,1.0
핡,1.0
함,162.0
함12,1.0
함2,1.0
함3,3.0
함4,1.0
함5,2.0
함6,1.0
함ㅅㅅ,2.0
함ㅇㅇ,1.0
함가,1.0
함가족,1.0
함감정,1.0
함걔,1.0
함결국,1.0
함계획,1.0
함고,1.0
함공감,1.0
함내,1.0
함내가,1.0
함눈물,1.0
함담,1.0
함대,2.0
함대신,1.0
함대체적,1.0
함락,1.0
함명절때,1.0
함스킨십,1.0
함약속,1.0
함예,3.0
함예전,1.0
함의,2.0
함읽씹,2.0
함자,2.0
함재,1.0
함재미,1.0
함정,1.0
함참고,1.0
함카,2.0
합격,4.0
합리성,1.0
합리적,5.0
합리주의합리,1.0
합리화,2.0
합의,2.0
합의금,1.0
합체,2.0
핫,3.0
핫도그,1.0
핫하다,1.0
항,9.0
항공,1.0
항노화관점,1.0
항목,2.0
항상성,2.0
항상임,1.0
항의문,1.0
항의문2자,1.0
핱,1.0
핱시,1.0
해,50.0
해ㅜ,1.0
해결,23.0
해결방법,1.0
해결책,6.0
해고,2.0
해놔야겠다,1.0
해당,5.0
해라,6.0
해라의미,1.0
해명,6.0
해바라기,1.0
해보,4.0
해보래,1.0
해보면,1.0
해본,4.0
해본건,1.0
해부,1.0
해석,15.0
해석16,1.0
해선,1.0
해설,1.0
해소,6.0
해소법,1.0
해속,1.0
해야,3.0
해야겠다,1.0
해야겠다혹,1.0
해야하지걔들입장,1.0
해외,10.0
해외여행,4.0
해임,1.0
해저,1.0
해제,3.0
해제주의자,1.0
해주고,2.0
해주면,1.0
해주세,1.0
해주자,1.0
해준거,1.0
해지,1.0
해진,9.0
해진거,1.0
해진후,1.0
해파리,2.0
해파리수면법,1.0
해하,1.0
핵심,4.0
핸드,1.0
핸드크림,1.0
핸드폰,3.0
핸폰,1.0
햄,2.0
햄버거,1.0
했노,2.0
했어도,2.0
행,6.0
행동,84.0
행동도난,1.0
행동력,1.0
행동변화,1.0
행동양식임,1.0
행동파,1.0
행버어,1.0
행복,38.0
행복중,1.0
행복지수,1.0
행복하다,3.0
행복하다장미,1.0
행복회로,2.0
행복회로지그,1.0
행사,2.0
행세,1.0
행쇼하쟈,1.0
행시,1.0
행운,1.0
행위,2.0
행정,1.0
향,3.0
향기,1.0
향상,1.0
향수,1.0
향이,1.0
허,5.0
허공,1.0
허구,2.0
허당끼,1.0
허들,1.0
허락,1.0
허리,2.0
허리라인,1.0
허물,1.0
허벌,1.0
허브,1.0
허브솔트,1.0
허상,2.0
허세,6.0
허세끼,1.0
허세쪽,1.0
허심탄회,1.0
허언,2.0
허얼,1.0
허영심,1.0
허점,1.0
허탈,1.0
허투,1.0
헌금,1.0
헌신,2.0
헌신적,3.0
헌팅,1.0
헌팅포차,1.0
헛소리,2.0
헛소문,1.0
헛짓,1.0
헛짓거리,1.0
헤드,1.0
헤비,1.0
헤비메탈,1.0
헤어,6.0
헤어스타일,1.0
헤어졋,2.0
헤어지재,1.0
헤어지진,1.0
헤어지질,1.0
헥,1.0
헬스,17.0
헬스장,4.0
헬스장도,1.0
헹엊,1.0
헹엊지자,1.0
헿,2.0
헿ㅎ,1.0
혀,4.0
혁,2.0
혁명,1.0
혁명운동,1.0
혁신,1.0
현,35.0
현관,1.0
현남친,1.0
현대,1.0
현대차가,1.0
현명,4.0
현상,2.0
현생,2.0
현시점,1.0
현실,28.0
현실감,1.0
현실감각,2.0
현실부적응,1.0
현실부정형,1.0
현실성,1.0
현실적,16.0
현실주의,1.0
현실주의젺,1.0
현애인,1.0
현업,1.0
현역,2.0
현역시절,1.0
현우,1.0
현자,1.0
현재,9.0
현재상황,1.0
현주소,1.0
현지,1.0
현타,1.0
현타가,8.0
현피,1.0
혈관,1.0
혈당,2.0
혈당스파이크,1.0
혈압,2.0
혈액형,1.0
혈연,1.0
혈육,1.0
혐오,18.0
혐오감,3.0
혐오글,1.0
혐오등급,1.0
협력,2.0
협력적임,1.0
협박,1.0
협업,1.0
협조,1.0
협조적,1.0
형,31.0
형님,1.0
형벌,1.0
형성,2.0
형식,1.0
형여자,1.0
형제,2.0
형태,4.0
호,8.0
호감,130.0
호감과,1.0
호감구별,1.0
호감녀,2.0
호감도,2.0
호감신호,1.0
호감인건,1.0
호감일수,1.0
호감임인프피인,1.0
호감정도,1.0
호감정도여,1.0
호감포인트,2.0
호감표시,3.0
호감표시잖,1.0
호감표현,1.0
호감형,1.0
호구,5.0
호구조사,1.0
호기심,4.0
호들갑,2.0
호등,1.0
호랑이,1.0
호모포비아,1.0
호불호,4.0
호소,5.0
호신용,1.0
호응,2.0
호의,6.0
호의일수,1.0
호전,1.0
호출,1.0
호캉스,2.0
호텔비,1.0
호흡,2.0
호흡리듬,1.0
혹,3.0
혹시나,2.0
혼,8.0
혼남,1.0
혼내심,1.0
혼동,1.0
혼란,3.0
혼밥,1.0
혼산,1.0
혼영,1.0
혼자,62.0
혼자간,1.0
혼자해야,1.0
혼잣말,1.0
홀,4.0
홀릭,2.0
홀릭이더,1.0
홀수,2.0
홈,1.0
홍,3.0
홍보,2.0
홍보쪽,1.0
홍어,1.0
홍어국,1.0
홍어탕,1.0
홍콩식,1.0
화,16.0
화가,8.0
화내기,1.0
화내서,1.0
화도,2.0
화려,1.0
화만,1.0
화면,1.0
화목,1.0
화법,3.0
화사,1.0
화신,1.0
화안,1.0
화요일,2.0
화장,7.0
화장실,5.0
화장지적,1.0
화장품,1.0
화장품안삼,1.0
화제,1.0
화채,1.0
화치,1.0
화폐,1.0
화합,1.0
화해,1.0
확률,13.0
확률있음,2.0
확신,27.0
확인,24.0
확정,1.0
환,2.0
환경,11.0
환멸,1.0
환멸나지,1.0
환상,4.0
환상속,1.0
환상종,1.0
환승,1.0
환승이별,1.0
환자,4.0
환장,2.0
활,1.0
활동,13.0
활동적,2.0
활력,1.0
활성화,1.0
활용,4.0
홧김,1.0
홧팅,1.0
황소,1.0
황소고집,1.0
황제,3.0
회,13.0
회개,1.0
회계,1.0
회계사,1.0
회계직,1.0
회귀,1.0
회로,4.0
회복,3.0
회복이안됬음좀전,1.0
회사,49.0
회사남자,1.0
회사동기,1.0
회사사람,1.0
회사상사,1.0
회사생활,2.0
회사업무,2.0
회사원,1.0
회사원임,1.0
회사인간,1.0
회사임,1.0
회식,11.0
회식때,1.0
회식자리,3.0
회의,2.0
회장,1.0
회전,1.0
회포,1.0
회피,19.0
회피형,8.0
횟수,1.0
효과,1.0
효율,14.0
효율성,1.0
효율적,7.0
효율충,4.0
후,45.0
후기,11.0
후기1,1.0
후다,1.0
후다여,1.0
후드,1.0
후드티,1.0
후라,2.0
후라이,2.0
후라이드,2.0
후반,6.0
후발,1.0
후발주자,1.0
후배,4.0
후배애,1.0
후보,1.0
후식,2.0
후우,1.0
후유증,1.0
후임,6.0
후자,2.0
후진국,1.0
후폭,2.0
후폭풍,4.0
후회,13.0
후회막심,1.0
후회중,1.0
후회취미생활,1.0
훈,4.0
훈계,1.0
훈련,2.0
훈련소,1.0
훈수,2.0
훈육,1.0
훈임정치,1.0
훔,1.0
훝,1.0
휫,2.0
휫자,1.0
휫자두조각무,1.0
휴,6.0
휴가,4.0
휴대폰,1.0
휴무,2.0
휴식,3.0
휴식기,1.0
휴일,1.0
휴지,1.0
흉가,1.0
흉악범,1.0
흐름,6.0
흑,3.0
흑역사,1.0
흑인,1.0
흑자,1.0
흑자헬스,1.0
흑화,1.0
흔,1.0
흔남,1.0
흘림,2.0
흙,3.0
흙길,1.0
흙수저,1.0
흙수저행,1.0
흠,4.0
흠냐,1.0
흡연,3.0
흡연자,1.0
흥,2.0
흥미,11.0
흥분,2.0
희귀,1.0
희귀하다,1.0
희망,3.0
희망적,1.0
희생,6.0
희열,1.0
흰자,1.0
흰자부자,1.0
히,18.0
히키코모리,2.0
힐,1.0
힐신어,1.0
힘,26.0
힘내,4.0
힘들어요,1.0
힙,1.0
힙합,1.0
힣,1.0
